CajaNro;FechaApertura;FechaCierre;Estado;MontoAp;Monto;Difen;Responsable
1;26/10/2020 09:02;27/10/2020 08:36;CERRADA;465,25;2424,34;75,66;Administrador Total
2;27/10/2020 08:40;27/10/2020 18:12;CERRADA;462,25;8290,25;2969,75;Administrador Total
3;28/10/2020 09:12;28/10/2020 18:16;CERRADA;462,25;4241,07;3138,93;Administrador Total
4;29/10/2020 09:09;29/10/2020 18:20;CERRADA;462,25;5427,25;2915,75;Administrador Total
5;30/10/2020 08:57;30/10/2020 18:18;CERRADA;460,25;5196,01;1853,99;Administrador Total
6;31/10/2020 10:11;31/10/2020 15:05;CERRADA;470,25;5133,25;4910,75;Administrador Total
7;2/11/2020 08:50;2/11/2020 18:23;CERRADA;455,75;7759,85;4967,15;Administrador Total
8;3/11/2020 09:55;3/11/2020 18:39;CERRADA;462,75;3365,69;14352,56;Administrador Total
9;4/11/2020 08:33;4/11/2020 19:27;CERRADA;463;4695;4026;Administrador Total
10;5/11/2020 08:30;5/11/2020 21:27;CERRADA;470;5650,06;4004,94;Administrador Total
11;6/11/2020 09:04;6/11/2020 18:16;CERRADA;465;3930;8423;Administrador Total
12;7/11/2020 09:49;7/11/2020 15:26;CERRADA;455;3201;3260,75;Administrador Total
13;7/11/2020 15:13;9/11/2020 19:01;CERRADA;456,25;12593,4;3901,6;Administrador Total
14;10/11/2020 09:04;10/11/2020 18:16;CERRADA;460;6725,96;5945,79;Administrador Total
15;11/11/2020 08:37;11/11/2020 18:35;CERRADA;460;7392,35;3849,4;Administrador Total
16;12/11/2020 09:03;12/11/2020 18:36;CERRADA;431,75;8511,24;4737,76;Administrador Total
17;13/11/2020 08:29;13/11/2020 18:32;CERRADA;430,75;7063,11;8014,64;Administrador Total
18;14/11/2020 08:36;16/11/2020 08:33;CERRADA;448,5;6355,83;644,17;Administrador Total
19;16/11/2020 08:34;16/11/2020 18:45;CERRADA;451,5;8626,44;2180,31;Administrador Total
20;17/11/2020 08:33;18/11/2020 08:33;CERRADA;468,28;5937,28;62,72;Administrador Total
21;18/11/2020 08:33;18/11/2020 18:16;CERRADA;458,25;11365,21;7267,79;Administrador Total
22;19/11/2020 08:45;19/11/2020 18:28;CERRADA;451,25;9335,71;2264,29;Administrador Total
23;20/11/2020 09:13;20/11/2020 19:15;CERRADA;454,25;5310,27;6330,73;Administrador Total
24;21/11/2020 08:28;21/11/2020 15:09;CERRADA;452,25;1690,03;2234,97;Administrador Total
25;21/11/2020 15:06;23/11/2020 18:20;CERRADA;391,25;5649,75;2092,25;Administrador Total
26;24/11/2020 08:55;24/11/2020 18:38;CERRADA;463,25;6534,25;4747,75;Administrador Total
27;25/11/2020 08:30;25/11/2020 18:15;CERRADA;455,25;4129,25;5605,5;Administrador Total
28;26/11/2020 08:34;26/11/2020 18:11;CERRADA;356,25;6168,71;4667,79;Administrador Total
29;27/11/2020 08:28;27/11/2020 18:18;CERRADA;410,75;5576,64;6408,36;Administrador Total
30;28/11/2020 08:36;28/11/2020 15:09;CERRADA;365,75;6627,75;2752,25;Administrador Total
31;30/11/2020 08:40;30/11/2020 18:11;CERRADA;381,75;3445,75;4779,25;Administrador Total
32;1/12/2020 08:36;1/12/2020 18:16;CERRADA;464,75;9283,05;3095,45;Administrador Total
33;2/12/2020 08:41;2/12/2020 18:08;CERRADA;453,75;10952,75;7163,25;Administrador Total
34;3/12/2020 08:03;3/12/2020 18:28;CERRADA;468,75;6395,75;6994,25;Administrador Total
35;4/12/2020 08:25;4/12/2020 18:33;CERRADA;455,75;11339,75;26,25;Administrador Total
36;5/12/2020 08:36;5/12/2020 15:51;CERRADA;461,75;7964,09;1865,91;Administrador Total
37;7/12/2020 08:43;7/12/2020 18:41;CERRADA;441,75;11372;4309;Administrador Total
38;8/12/2020 08:30;8/12/2020 15:11;CERRADA;462,75;7924,95;2426,05;Administrador Total
39;9/12/2020 08:24;9/12/2020 18:10;CERRADA;453,75;12534,74;3809,26;Administrador Total
40;10/12/2020 09:04;10/12/2020 18:19;CERRADA;457,75;12292,33;3594,67;Administrador Total
41;11/12/2020 08:07;11/12/2020 18:16;CERRADA;434,75;7925,73;2439,52;Administrador Total
42;12/12/2020 08:32;12/12/2020 15:41;CERRADA;440;5957,48;1212,52;Administrador Total
43;12/12/2020 15:14;14/12/2020 20:47;CERRADA;460;10157,82;633,18;Administrador Total
44;15/12/2020 08:06;15/12/2020 18:22;CERRADA;460;11277,33;1117,67;Administrador Total
45;16/12/2020 08:14;16/12/2020 18:16;CERRADA;425;10482,18;1205,82;Administrador Total
46;17/12/2020 08:06;17/12/2020 19:23;CERRADA;453;8724,8;1838,2;Administrador Total
47;18/12/2020 08:14;18/12/2020 18:05;CERRADA;466;10694,46;1892,54;Administrador Total
48;19/12/2020 08:32;19/12/2020 14:59;CERRADA;463;7819,4;1042,6;Administrador Total
49;19/12/2020 15:12;21/12/2020 18:05;CERRADA;463;7360;1463;Administrador Total
50;22/12/2020 08:14;22/12/2020 18:44;CERRADA;461;13811,3;2070,2;Administrador Total
51;23/12/2020 08:00;23/12/2020 18:15;CERRADA;460;8766,5;1353,5;Administrador Total
52;24/12/2020 08:00;24/12/2020 18:03;CERRADA;410;21394,48;865,52;Administrador Total
53;24/12/2020 18:04;28/12/2020 18:25;CERRADA;460;5077;2411;Administrador Total
54;29/12/2020 08:04;29/12/2020 18:07;CERRADA;423;5263,55;1625,45;Administrador Total
55;30/12/2020 07:59;30/12/2020 18:05;CERRADA;463;4062,5;560,5;Administrador Total
56;4/1/2021 09:06;4/1/2021 18:16;CERRADA;466;10125,5;-60,5;Administrador Total
57;5/1/2021 08:59;5/1/2021 18:17;CERRADA;460;6650,9;3015,1;Administrador Total
58;6/1/2021 07:57;6/1/2021 18:29;CERRADA;470;10817,38;962,62;Administrador Total
59;7/1/2021 08:02;7/1/2021 18:10;CERRADA;410;5605;1207;Administrador Total
60;8/1/2021 08:30;8/1/2021 18:39;CERRADA;451;9436,99;1755,51;Administrador Total
61;9/1/2021 08:36;9/1/2021 15:16;CERRADA;463,5;9812,5;1532,5;Administrador Total
62;9/1/2021 15:25;11/1/2021 18:19;CERRADA;408,5;3501,95;1054,05;Administrador Total
63;12/1/2021 08:08;12/1/2021 18:46;CERRADA;469,5;3501,5;1152,5;Administrador Total
64;13/1/2021 08:15;13/1/2021 18:29;CERRADA;453;4843,9;628,1;Administrador Total
65;14/1/2021 08:01;14/1/2021 18:09;CERRADA;445,5;6806;14;Administrador Total
66;15/1/2021 08:02;15/1/2021 18:13;CERRADA;460;4533,99;996,01;Administrador Total
67;16/1/2021 08:33;16/1/2021 15:08;CERRADA;460;5331;450;Administrador Total
68;18/1/2021 08:01;18/1/2021 18:05;CERRADA;421;5391;-434;Administrador Total
69;19/1/2021 08:02;19/1/2021 18:18;CERRADA;458;5499,5;693,5;Administrador Total
70;20/1/2021 08:11;20/1/2021 18:05;CERRADA;454,5;11735,75;381,25;Administrador Total
71;21/1/2021 08:04;21/1/2021 18:28;CERRADA;460;6569,54;921,46;Administrador Total
72;22/1/2021 08:08;22/1/2021 18:12;CERRADA;460;6272;1039;Administrador Total
73;23/1/2021 08:30;23/1/2021 15:16;CERRADA;466;4009;222;Administrador Total
74;25/1/2021 08:02;25/1/2021 18:15;CERRADA;431;4713,98;1020,02;Administrador Total
75;26/1/2021 08:04;27/1/2021 08:09;CERRADA;474;6894,5;0,5;Administrador Total
76;27/1/2021 08:10;27/1/2021 18:11;CERRADA;460;6738,36;1933,64;Administrador Total
77;28/1/2021 08:09;28/1/2021 18:30;CERRADA;460;8618,24;1001,76;Administrador Total
78;29/1/2021 08:01;29/1/2021 18:18;CERRADA;460;10868,85;37,15;Administrador Total
79;30/1/2021 08:31;30/1/2021 15:10;CERRADA;460;4619,54;45,46;Administrador Total
80;1/2/2021 08:19;1/2/2021 18:12;CERRADA;460;11763,78;1803,22;Administrador Total
81;2/2/2021 08:13;3/2/2021 08:22;CERRADA;460;6713,65;1484,35;Administrador Total
82;3/2/2021 08:26;3/2/2021 18:15;CERRADA;460;5917,13;785,37;Administrador Total
83;4/2/2021 08:15;4/2/2021 18:39;CERRADA;410;11815,56;125189,44;Administrador Total
84;5/2/2021 08:15;5/2/2021 18:28;CERRADA;460;10228,73;780,27;Administrador Total
85;6/2/2021 08:44;6/2/2021 15:25;CERRADA;462,75;10141,74;437,01;Administrador Total
86;8/2/2021 08:08;8/2/2021 18:03;CERRADA;458,75;14311,7;-547,7;Administrador Total
87;9/2/2021 08:04;9/2/2021 18:14;CERRADA;460;11705,21;319,79;Administrador Total
88;10/2/2021 08:08;10/2/2021 18:28;CERRADA;465;10403,89;668,11;Administrador Total
89;11/2/2021 08:29;11/2/2021 19:45;CERRADA;460;12727,16;504,34;Administrador Total
90;12/2/2021 08:12;12/2/2021 18:10;CERRADA;460;10902,01;965,99;Administrador Total
91;13/2/2021 08:45;24/2/2021 10:22;CERRADA;420;7256;1155;Administrador Total
92;24/2/2021 10:23;24/2/2021 18:23;CERRADA;467,75;58689,5;39801;Administrador Total
93;25/2/2021 08:04;25/2/2021 18:08;CERRADA;470,75;27630,22;12072,53;Administrador Total
94;26/2/2021 08:16;26/2/2021 18:14;CERRADA;460,75;13038,79;3811,96;Administrador Total
95;27/2/2021 08:53;27/2/2021 15:05;CERRADA;460,75;6657,15;1313,1;Administrador Total
96;1/3/2021 08:20;1/3/2021 18:14;CERRADA;470,25;10199,61;1330,64;Administrador Total
97;2/3/2021 08:10;2/3/2021 18:37;CERRADA;460;14004,56;3206,44;Administrador Total
98;3/3/2021 08:03;3/3/2021 18:08;CERRADA;460;14935,14;418,86;Administrador Total
99;4/3/2021 08:10;4/3/2021 18:13;CERRADA;460;16034,71;1940,29;Administrador Total
100;5/3/2021 07:47;5/3/2021 18:53;CERRADA;440;28785,48;1771,52;Administrador Total
101;6/3/2021 08:48;6/3/2021 15:31;CERRADA;460;23478;2260;Administrador Total
102;8/3/2021 08:07;8/3/2021 18:29;CERRADA;350;35979,02;9568,23;Administrador Total
103;8/3/2021 18:40;9/3/2021 19:07;CERRADA;350;42564,01;2837,74;Administrador Total
104;10/3/2021 08:16;10/3/2021 18:12;CERRADA;411,75;26615,16;0;Administrador Total
105;11/3/2021 07:56;11/3/2021 18:29;CERRADA;451,75;26478,91;2717,84;Administrador Total
106;12/3/2021 08:00;12/3/2021 18:21;CERRADA;406,75;29013,92;2527,83;Administrador Total
107;13/3/2021 08:40;13/3/2021 15:13;CERRADA;463,75;18815,55;763,2;Administrador Total
108;15/3/2021 07:55;15/3/2021 18:28;CERRADA;371,75;30194,87;5930,88;Administrador Total
109;16/3/2021 08:30;16/3/2021 18:46;CERRADA;355,75;25085,11;3977,64;Administrador Total
110;17/3/2021 08:23;17/3/2021 18:28;CERRADA;402,75;22554,96;2177,79;Administrador Total
111;18/3/2021 07:50;18/3/2021 19:27;CERRADA;409,75;16936,84;2892,91;Administrador Total
112;19/3/2021 08:03;19/3/2021 18:14;CERRADA;389,75;12541,57;1048,18;Administrador Total
113;20/3/2021 08:25;20/3/2021 15:08;CERRADA;454,75;8292,68;-847,93;Administrador Total
114;22/3/2021 08:31;22/3/2021 18:44;CERRADA;384,75;17129,81;5658,19;Administrador Total
115;23/3/2021 08:52;23/3/2021 18:23;CERRADA;330;19935,1;3121,9;Administrador Total
116;24/3/2021 08:17;24/3/2021 18:18;CERRADA;480;9794,27;588,73;Administrador Total
117;25/3/2021 08:01;25/3/2021 18:56;CERRADA;470;9012;734;Administrador Total
118;26/3/2021 08:04;26/3/2021 18:09;CERRADA;480;11897;1511,5;Administrador Total
119;27/3/2021 08:32;27/3/2021 15:08;CERRADA;501,5;6082,5;218;Administrador Total
120;29/3/2021 08:18;29/3/2021 18:26;CERRADA;490,5;23100,5;3251;Administrador Total
121;30/3/2021 08:11;30/3/2021 18:10;CERRADA;470;8852,51;1299,74;Administrador Total
122;31/3/2021 08:03;31/3/2021 18:04;CERRADA;452,25;18486,31;2133,69;Administrador Total
123;1/4/2021 08:24;1/4/2021 15:05;CERRADA;472,25;7125,27;607,98;Administrador Total
124;5/4/2021 08:32;5/4/2021 18:10;CERRADA;487,5;31314,28;393,97;Administrador Total
125;6/4/2021 08:14;6/4/2021 19:13;CERRADA;488,25;13359,91;2228,34;Administrador Total
126;7/4/2021 08:13;7/4/2021 18:25;CERRADA;410,25;19510,63;1845,62;Administrador Total
127;8/4/2021 07:49;8/4/2021 18:21;CERRADA;486,25;14656,32;1271,93;Administrador Total
128;9/4/2021 08:40;9/4/2021 17:10;CERRADA;453,25;7292,05;2365,2;Administrador Total
129;10/4/2021 08:29;10/4/2021 15:10;CERRADA;429,25;6847,93;696,32;Administrador Total
130;12/4/2021 07:54;12/4/2021 18:49;CERRADA;447,25;19140;4294,25;Administrador Total
131;13/4/2021 07:57;13/4/2021 18:09;CERRADA;494,25;16454,63;4719,62;Administrador Total
132;14/4/2021 08:20;14/4/2021 17:08;CERRADA;494,25;24164,67;3355,58;Administrador Total
133;15/4/2021 07:51;15/4/2021 18:25;CERRADA;440,25;21353,07;1907,18;Administrador Total
134;16/4/2021 07:55;16/4/2021 18:05;CERRADA;483,25;10677,2;2001,05;Administrador Total
135;17/4/2021 08:37;17/4/2021 15:06;CERRADA;420,25;11712,26;2338,99;Administrador Total
136;19/4/2021 07:53;19/4/2021 18:17;CERRADA;464,25;20971,51;3205,74;Administrador Total
137;20/4/2021 08:03;20/4/2021 18:08;CERRADA;437,25;19549,77;3257,48;Administrador Total
138;21/4/2021 08:00;21/4/2021 17:06;CERRADA;430,25;13709,85;1805,4;Administrador Total
139;22/4/2021 07:55;22/4/2021 18:47;CERRADA;430,25;13019,63;2541,62;Administrador Total
140;23/4/2021 07:56;23/4/2021 18:55;CERRADA;471,25;12325,5;4342,75;Administrador Total
141;24/4/2021 08:31;24/4/2021 14:09;CERRADA;482,25;4226,75;2210,5;Administrador Total
142;26/4/2021 08:18;26/4/2021 18:13;CERRADA;472,25;15106,71;4940,54;Administrador Total
143;27/4/2021 07:51;27/4/2021 18:25;CERRADA;479,25;13381,27;901,23;Administrador Total
144;28/4/2021 08:08;28/4/2021 18:30;CERRADA;472,5;15623,64;2063,86;Administrador Total
145;29/4/2021 08:00;29/4/2021 18:25;CERRADA;477,5;11111,28;2191,22;Administrador Total
146;30/4/2021 07:59;30/4/2021 18:18;CERRADA;472,5;12900,9;1849,6;Administrador Total
147;3/5/2021 07:56;3/5/2021 18:08;CERRADA;472,5;17073,54;578,96;Administrador Total
148;4/5/2021 08:43;5/5/2021 08:31;CERRADA;442,5;15118,36;1094,14;Administrador Total
149;5/5/2021 08:31;5/5/2021 18:03;CERRADA;462,5;14721,34;2351,16;Administrador Total
150;6/5/2021 08:22;6/5/2021 18:33;CERRADA;472,5;14925,29;1385,21;Administrador Total
151;7/5/2021 08:16;7/5/2021 18:14;CERRADA;480;19101,7;2092,3;Administrador Total
152;8/5/2021 08:30;8/5/2021 15:06;CERRADA;451;12509,73;306,27;Administrador Total
153;10/5/2021 08:09;10/5/2021 18:07;CERRADA;476;25418,78;861,22;Administrador Total
154;11/5/2021 08:00;11/5/2021 18:13;CERRADA;470;15445,77;1256,23;Administrador Total
155;12/5/2021 08:16;12/5/2021 18:32;CERRADA;452;22468,21;3356,79;Administrador Total
156;13/5/2021 08:10;13/5/2021 18:28;CERRADA;470;15796,25;2758,75;Administrador Total
157;14/5/2021 08:00;14/5/2021 18:14;CERRADA;470;20623,56;886,44;Administrador Total
158;15/5/2021 08:33;15/5/2021 15:10;CERRADA;470;11345,8;1081,2;Administrador Total
159;17/5/2021 08:07;17/5/2021 18:17;CERRADA;417;27691,2;1240,8;Administrador Total
160;18/5/2021 08:01;18/5/2021 18:09;CERRADA;470;25556,87;774,13;Administrador Total
161;19/5/2021 08:02;19/5/2021 19:10;CERRADA;460;17359,6;2891,4;Administrador Total
162;20/5/2021 08:05;20/5/2021 18:20;CERRADA;470;18988,64;-517,64;Administrador Total
163;21/5/2021 08:16;21/5/2021 18:14;CERRADA;498;14807,42;948,58;Administrador Total
164;22/5/2021 08:38;22/5/2021 15:05;CERRADA;470;14726,34;-160,34;Administrador Total
165;24/5/2021 08:39;24/5/2021 18:06;CERRADA;446;17397,87;633,13;Administrador Total
166;25/5/2021 08:44;25/5/2021 15:08;CERRADA;421;5715,03;185,97;Administrador Total
167;26/5/2021 08:18;26/5/2021 18:10;CERRADA;431;19843,86;1317,14;Administrador Total
168;27/5/2021 08:05;27/5/2021 18:44;CERRADA;470;15446,76;963,49;Administrador Total
169;28/5/2021 08:01;28/5/2021 18:17;CERRADA;460,25;23165,32;559,93;Administrador Total
170;29/5/2021 08:35;29/5/2021 15:09;CERRADA;450,25;9032,26;915,99;Administrador Total
171;29/5/2021 15:20;31/5/2021 18:32;CERRADA;418,25;19519,04;785,21;Administrador Total
172;1/6/2021 08:25;1/6/2021 18:13;CERRADA;430,25;20941,41;1456,84;Administrador Total
173;2/6/2021 07:52;2/6/2021 18:26;CERRADA;468,25;22668,57;-215,32;Administrador Total
174;3/6/2021 07:55;3/6/2021 18:36;CERRADA;450,25;19226,75;2083,5;Administrador Total
175;4/6/2021 07:54;4/6/2021 18:27;CERRADA;460,25;16976,45;333,8;Administrador Total
176;5/6/2021 08:38;5/6/2021 15:30;CERRADA;457,25;14229,98;287,77;Administrador Total
177;7/6/2021 08:04;7/6/2021 18:56;CERRADA;457,25;19599,13;734,12;Administrador Total
178;8/6/2021 08:14;8/6/2021 18:15;CERRADA;463,25;14841,62;816,63;Administrador Total
179;9/6/2021 08:12;9/6/2021 18:14;CERRADA;468,25;20669,04;545,21;Administrador Total
180;10/6/2021 07:58;10/6/2021 18:04;CERRADA;464,25;27651,74;626,51;Administrador Total
181;11/6/2021 08:39;11/6/2021 18:42;CERRADA;468,25;23415,64;1089,36;Administrador Total
182;12/6/2021 08:52;12/6/2021 15:04;CERRADA;450;13724,26;435,49;Administrador Total
183;14/6/2021 08:30;14/6/2021 18:18;CERRADA;449,75;23149,39;901,61;Administrador Total
184;15/6/2021 08:04;15/6/2021 18:06;CERRADA;490;20729,8;261,2;Administrador Total
185;16/6/2021 08:09;16/6/2021 18:45;CERRADA;460;26916,74;853,26;Administrador Total
186;17/6/2021 08:13;17/6/2021 19:23;CERRADA;370;23570,01;684,49;Administrador Total
187;18/6/2021 08:07;18/6/2021 18:25;CERRADA;470,5;18799,81;887,77;Administrador Total
188;19/6/2021 08:48;19/6/2021 15:17;CERRADA;470;7979,7;356,3;Administrador Total
189;21/6/2021 08:10;21/6/2021 20:01;CERRADA;470;6577;494;Administrador Total
190;22/6/2021 08:06;22/6/2021 21:30;CERRADA;470;19066,46;1753,54;Administrador Total
191;23/6/2021 08:01;23/6/2021 18:05;CERRADA;470;14860,72;572,78;Administrador Total
192;24/6/2021 12:20;24/6/2021 18:12;CERRADA;470;13668,08;351,42;Administrador Total
193;25/6/2021 08:24;25/6/2021 18:08;CERRADA;479,5;14593,72;736,78;Administrador Total
194;26/6/2021 08:39;26/6/2021 15:11;CERRADA;472;11975,53;81,47;Administrador Total
195;28/6/2021 08:37;28/6/2021 20:13;CERRADA;450;14933,19;747,06;Administrador Total
196;29/6/2021 08:09;29/6/2021 18:23;CERRADA;470;16764,31;600,69;Administrador Total
197;30/6/2021 09:04;30/6/2021 18:11;CERRADA;480;13771,68;1608,32;Administrador Total
198;1/7/2021 08:22;1/7/2021 18:16;CERRADA;470;25819,95;394,05;Administrador Total
199;2/7/2021 08:07;2/7/2021 18:10;CERRADA;470;15819,09;157,91;Administrador Total
200;3/7/2021 08:36;3/7/2021 15:31;CERRADA;478;15420,54;-812,54;Administrador Total
201;5/7/2021 08:14;5/7/2021 18:16;CERRADA;488;22304,34;1348,66;Administrador Total
202;6/7/2021 08:04;6/7/2021 18:05;CERRADA;470,5;20676,63;63,87;Administrador Total
203;7/7/2021 08:04;7/7/2021 18:25;CERRADA;430,5;15599,69;347,81;Administrador Total
204;8/7/2021 08:00;8/7/2021 18:12;CERRADA;457,5;14605,6;846,9;Administrador Total
205;9/7/2021 09:04;9/7/2021 15:34;CERRADA;470;5991,81;506,19;Administrador Total
206;10/7/2021 08:39;10/7/2021 15:07;CERRADA;470;9116,98;169,02;Administrador Total
207;12/7/2021 08:10;12/7/2021 18:50;CERRADA;486;17856,15;180,85;Administrador Total
208;13/7/2021 08:32;13/7/2021 19:03;CERRADA;477;14808,47;236,53;Administrador Total
209;14/7/2021 08:07;14/7/2021 18:21;CERRADA;475;17123;221;Administrador Total
210;15/7/2021 08:08;15/7/2021 18:12;CERRADA;470;11653,16;527,84;Administrador Total
211;16/7/2021 08:34;16/7/2021 18:24;CERRADA;470;7138;267;Administrador Total
212;17/7/2021 09:04;17/7/2021 15:33;CERRADA;415;10549,66;70,34;Administrador Total
213;19/7/2021 08:00;19/7/2021 18:25;CERRADA;430;11570,87;413,13;Administrador Total
214;20/7/2021 08:18;20/7/2021 18:54;CERRADA;470;17777,2;322,8;Administrador Total
215;21/7/2021 08:07;21/7/2021 18:12;CERRADA;470;15237,9;298,35;Administrador Total
216;22/7/2021 08:03;22/7/2021 18:32;CERRADA;476;13330;549,25;Administrador Total
217;23/7/2021 08:40;23/7/2021 18:35;CERRADA;440,25;8891,85;300,4;Administrador Total
218;24/7/2021 08:28;24/7/2021 15:17;CERRADA;472,25;5850,25;-95;Administrador Total
219;26/7/2021 08:03;26/7/2021 18:19;CERRADA;465,25;14589,36;531,89;Administrador Total
220;27/7/2021 08:03;27/7/2021 18:28;CERRADA;470,25;19697,47;295,78;Administrador Total
221;28/7/2021 08:04;28/7/2021 18:19;CERRADA;470,25;15271,75;273,75;Administrador Total
222;29/7/2021 08:01;29/7/2021 18:06;CERRADA;470;14387,61;373,39;Administrador Total
223;30/7/2021 08:09;30/7/2021 18:09;CERRADA;470;3899,74;252,26;Administrador Total
224;31/7/2021 08:33;31/7/2021 15:57;CERRADA;460;13906;520;Administrador Total
225;2/8/2021 08:01;2/8/2021 18:14;CERRADA;460;16015,87;568,13;Administrador Total
226;3/8/2021 07:59;3/8/2021 18:59;CERRADA;464;17222,7;383,55;Administrador Total
227;4/8/2021 08:00;4/8/2021 20:14;CERRADA;470;20062,5;553,5;Administrador Total
228;5/8/2021 07:59;5/8/2021 18:26;CERRADA;460;26717,65;602,35;Administrador Total
229;6/8/2021 07:57;6/8/2021 18:23;CERRADA;460;13145,9;534,1;Administrador Total
230;7/8/2021 08:29;7/8/2021 15:13;CERRADA;460;17031,93;498,07;Administrador Total
231;9/8/2021 08:03;9/8/2021 18:24;CERRADA;450;35673,12;316,88;Administrador Total
232;10/8/2021 07:57;10/8/2021 18:24;CERRADA;450;28966,21;-36,21;Administrador Total
233;11/8/2021 07:55;11/8/2021 18:35;CERRADA;450;24174,43;750,57;Administrador Total
234;12/8/2021 07:57;12/8/2021 18:21;CERRADA;460;17885,03;2380,97;Administrador Total
235;13/8/2021 08:00;13/8/2021 18:41;CERRADA;456;14241,25;1009,75;Administrador Total
236;14/8/2021 08:27;14/8/2021 15:11;CERRADA;451;8357,75;185,25;Administrador Total
237;16/8/2021 07:46;16/8/2021 18:08;CERRADA;453;13131,5;391,5;Administrador Total
238;17/8/2021 08:08;17/8/2021 18:49;CERRADA;473;15213,06;203,94;Administrador Total
239;18/8/2021 07:54;18/8/2021 18:08;CERRADA;467;22902,27;789,73;Administrador Total
240;19/8/2021 07:45;19/8/2021 18:08;CERRADA;392,5;18915,84;767,66;Administrador Total
241;20/8/2021 08:04;20/8/2021 18:17;CERRADA;463,5;22460,76;-25,76;Administrador Total
242;21/8/2021 08:27;21/8/2021 15:18;CERRADA;455;15344,72;1165,28;Administrador Total
243;23/8/2021 07:58;23/8/2021 18:18;CERRADA;460;25838,9;373,6;Administrador Total
244;24/8/2021 07:56;24/8/2021 18:55;CERRADA;454,5;19513,77;112,73;Administrador Total
245;25/8/2021 07:58;25/8/2021 18:34;CERRADA;456,5;15491,09;189,41;Administrador Total
246;26/8/2021 07:54;26/8/2021 18:37;CERRADA;451;19008,4;932,6;Administrador Total
247;27/8/2021 07:56;27/8/2021 18:16;CERRADA;451;16796,18;783,82;Administrador Total
248;28/8/2021 08:27;28/8/2021 15:13;CERRADA;454;6562;432;Administrador Total
249;30/8/2021 08:52;30/8/2021 18:17;CERRADA;454;16959,7;664,3;Administrador Total
250;31/8/2021 08:06;31/8/2021 19:17;CERRADA;454;14814,75;1795,25;Administrador Total
251;1/9/2021 08:02;1/9/2021 18:16;CERRADA;450;14063,05;3206,95;Administrador Total
252;2/9/2021 08:01;2/9/2021 18:10;CERRADA;450;27233,98;226,02;Administrador Total
253;3/9/2021 08:06;3/9/2021 18:31;CERRADA;460;18450,24;178,76;Administrador Total
254;4/9/2021 08:21;4/9/2021 15:20;CERRADA;469;12105,72;438,28;Administrador Total
255;6/9/2021 08:05;6/9/2021 18:26;CERRADA;462;25351,65;354,35;Administrador Total
256;7/9/2021 07:56;7/9/2021 20:16;CERRADA;456;20113,72;-20113,72;Administrador Total
257;8/9/2021 08:13;8/9/2021 18:20;CERRADA;472;12490,53;153,22;Administrador Total
258;9/9/2021 08:07;9/9/2021 18:41;CERRADA;455;23102,7;599,3;Administrador Total
259;10/9/2021 08:02;10/9/2021 20:31;CERRADA;462;14483,2;47,8;Administrador Total
260;11/9/2021 08:43;11/9/2021 15:09;CERRADA;450;8870,75;414,25;Administrador Total
261;13/9/2021 08:04;13/9/2021 18:13;CERRADA;470;11896,1;1116,65;Administrador Total
262;14/9/2021 07:58;14/9/2021 21:08;CERRADA;490;16438,75;366,25;Administrador Total
263;15/9/2021 08:02;15/9/2021 18:32;CERRADA;450;21566,57;1079,43;Administrador Total
264;16/9/2021 07:53;16/9/2021 18:31;CERRADA;456;14202,5;422,5;Administrador Total
265;17/9/2021 08:25;17/9/2021 18:24;CERRADA;470;38436,75;996,75;Administrador Total
266;18/9/2021 08:35;18/9/2021 15:13;CERRADA;460;9496;-74;Administrador Total
267;20/9/2021 07:54;20/9/2021 18:43;CERRADA;472;18367,25;494,75;Administrador Total
268;21/9/2021 07:55;21/9/2021 18:57;CERRADA;452;16676,59;435,41;Administrador Total
269;22/9/2021 07:53;22/9/2021 18:11;CERRADA;462;18254,32;518,68;Administrador Total
270;23/9/2021 08:29;23/9/2021 18:41;CERRADA;433;16323,63;439,37;Administrador Total
271;24/9/2021 08:07;24/9/2021 18:43;CERRADA;453;12919,72;373,28;Administrador Total
272;25/9/2021 08:27;25/9/2021 15:21;CERRADA;453;11004,5;102,5;Administrador Total
273;27/9/2021 08:56;27/9/2021 18:12;CERRADA;457;19013,64;333,36;Administrador Total
274;28/9/2021 07:54;28/9/2021 18:54;CERRADA;467;14765;318;Administrador Total
275;29/9/2021 07:58;29/9/2021 20:21;CERRADA;453;11727,96;589,04;Administrador Total
276;30/9/2021 08:09;30/9/2021 18:13;CERRADA;457;24805,3;2011,7;Administrador Total
277;1/10/2021 08:01;1/10/2021 18:15;CERRADA;437;17991,33;1213,67;Administrador Total
278;2/10/2021 08:24;2/10/2021 15:21;CERRADA;455;12572,22;411,78;Administrador Total
279;4/10/2021 08:03;4/10/2021 19:01;CERRADA;460;30344,99;-439,99;Administrador Total
280;5/10/2021 08:02;5/10/2021 18:35;CERRADA;455;24677,61;1338,39;Administrador Total
281;6/10/2021 08:12;6/10/2021 18:24;CERRADA;456;23731,01;630,99;Administrador Total
282;7/10/2021 07:54;7/10/2021 18:08;CERRADA;458;20500,38;979,62;Administrador Total
283;8/10/2021 08:55;8/10/2021 18:13;CERRADA;400;17921,23;573,77;Administrador Total
284;9/10/2021 08:28;9/10/2021 08:41;CERRADA;445;445;0;Administrador Total
285;9/10/2021 08:41;9/10/2021 15:14;CERRADA;445;10399,24;1810,76;Administrador Total
286;11/10/2021 08:02;11/10/2021 18:14;CERRADA;460;17614,92;287,08;Administrador Total
287;12/10/2021 07:58;12/10/2021 19:11;CERRADA;462;27381,48;840,52;Administrador Total
288;13/10/2021 08:02;13/10/2021 18:44;CERRADA;392;21145,37;966,63;Administrador Total
289;14/10/2021 08:08;14/10/2021 18:45;CERRADA;392;18782,88;695,12;Administrador Total
290;15/10/2021 08:26;16/10/2021 08:43;CERRADA;428;16125,11;614,89;Administrador Total
291;16/10/2021 08:45;16/10/2021 15:10;CERRADA;470;15295;430;Administrador Total
292;18/10/2021 09:11;18/10/2021 18:10;CERRADA;465;27700,44;647,56;Administrador Total
293;19/10/2021 07:56;19/10/2021 19:57;CERRADA;468;15292,82;670,18;Administrador Total
294;20/10/2021 07:50;20/10/2021 18:35;CERRADA;490;13275,7;1214,3;Administrador Total
295;21/10/2021 08:01;21/10/2021 18:25;CERRADA;480;14418,15;1538,1;Administrador Total
296;22/10/2021 07:53;22/10/2021 18:19;CERRADA;480;10643;773;Administrador Total
297;23/10/2021 08:31;23/10/2021 15:12;CERRADA;480;11631;119;Administrador Total
298;25/10/2021 07:58;25/10/2021 18:05;CERRADA;480;27198,72;504,28;Administrador Total
299;26/10/2021 07:54;26/10/2021 20:23;CERRADA;480;17788,58;1051,92;Administrador Total
300;27/10/2021 08:05;27/10/2021 18:24;CERRADA;480;15599,1;-324,6;Administrador Total
301;28/10/2021 07:59;28/10/2021 18:20;CERRADA;480;20198,98;1223,02;Administrador Total
302;29/10/2021 08:06;29/10/2021 11:39;CERRADA;480;6984;0;Administrador Total
303;29/10/2021 11:40;29/10/2021 18:51;CERRADA;480;10627,9;7335,1;Administrador Total
304;30/10/2021 08:28;30/10/2021 15:07;CERRADA;480;13073,28;4165,72;Administrador Total
305;1/11/2021 08:15;1/11/2021 18:56;CERRADA;480;20268,7;57,3;Administrador Total
306;2/11/2021 08:15;2/11/2021 19:06;CERRADA;480;18996,3;803,7;Administrador Total
307;3/11/2021 08:05;3/11/2021 18:51;CERRADA;480;19064,4;655,6;Administrador Total
308;4/11/2021 08:13;4/11/2021 18:05;CERRADA;480;19254,06;511,94;Administrador Total
309;5/11/2021 08:05;5/11/2021 18:08;CERRADA;480;23238,6;606,4;Administrador Total
310;6/11/2021 09:47;6/11/2021 17:04;CERRADA;435;10187,2;201,8;Administrador Total
311;8/11/2021 07:45;8/11/2021 19:34;CERRADA;480;31877,12;606,88;Administrador Total
312;9/11/2021 08:02;9/11/2021 19:51;CERRADA;480;34145,31;1208,19;Administrador Total
313;10/11/2021 08:06;10/11/2021 18:08;CERRADA;480;24387,66;1092,34;Administrador Total
314;11/11/2021 07:45;11/11/2021 18:46;CERRADA;480;17061,39;925,61;Administrador Total
315;12/11/2021 08:14;12/11/2021 18:22;CERRADA;480;15930,4;1502,6;Administrador Total
316;13/11/2021 08:17;13/11/2021 15:08;CERRADA;480;12413;50;Administrador Total
317;15/11/2021 07:42;15/11/2021 18:17;CERRADA;470;21112,4;237,6;Administrador Total
318;16/11/2021 07:46;16/11/2021 18:22;CERRADA;470;19474,04;836,96;Administrador Total
319;17/11/2021 07:40;17/11/2021 18:21;CERRADA;470;16134,17;439,83;Administrador Total
320;18/11/2021 07:42;18/11/2021 18:37;CERRADA;460;23440,4;1198,6;Administrador Total
321;19/11/2021 07:41;19/11/2021 18:23;CERRADA;470;19266,62;1760,38;Administrador Total
322;20/11/2021 08:17;20/11/2021 15:24;CERRADA;470;16516,76;384,24;Administrador Total
323;22/11/2021 07:51;22/11/2021 18:42;CERRADA;451;11824,5;191,5;Administrador Total
324;23/11/2021 07:42;23/11/2021 18:22;CERRADA;470;21411,27;856,73;Administrador Total
325;24/11/2021 07:53;24/11/2021 18:11;CERRADA;470;22763;3308;Administrador Total
326;25/11/2021 07:44;26/11/2021 08:04;CERRADA;460;13052,95;227,05;Administrador Total
327;26/11/2021 08:05;26/11/2021 18:36;CERRADA;470;17263;87;Administrador Total
328;27/11/2021 08:27;27/11/2021 15:08;CERRADA;450;8189,52;575,48;Administrador Total
329;29/11/2021 08:01;29/11/2021 18:13;CERRADA;455;17024,95;493,05;Administrador Total
330;30/11/2021 07:42;30/11/2021 18:17;CERRADA;458;18808,5;-176,5;Administrador Total
331;1/12/2021 07:39;1/12/2021 18:15;CERRADA;462;9990;2673;Administrador Total
332;2/12/2021 07:39;2/12/2021 18:23;CERRADA;453;17415;6373;Administrador Total
333;2/12/2021 18:32;2/12/2021 18:33;CERRADA;453;453;0;Administrador Total
334;3/12/2021 07:49;3/12/2021 18:11;CERRADA;418;17746,76;531,24;Administrador Total
335;4/12/2021 08:12;4/12/2021 15:12;CERRADA;458;18458,25;1224,75;Administrador Total
336;6/12/2021 07:56;6/12/2021 18:14;CERRADA;453;17029;354;Administrador Total
337;7/12/2021 07:55;7/12/2021 18:51;CERRADA;453;19654,25;1308,75;Administrador Total
338;8/12/2021 07:43;8/12/2021 19:30;CERRADA;453;14268,24;334,76;Administrador Total
339;9/12/2021 07:44;9/12/2021 18:44;CERRADA;463;28375;46;Administrador Total
340;10/12/2021 07:41;10/12/2021 07:42;CERRADA;451;451;0;Administrador Total
341;10/12/2021 07:42;10/12/2021 19:28;CERRADA;451;24305;-5044;Administrador Total
342;11/12/2021 08:51;11/12/2021 15:51;CERRADA;451;13706;541;Administrador Total
343;13/12/2021 07:43;13/12/2021 18:36;CERRADA;457;24902,23;194,77;Administrador Total
344;14/12/2021 07:43;14/12/2021 18:33;CERRADA;457;17337,6;494,9;Administrador Total
345;15/12/2021 07:55;15/12/2021 18:10;CERRADA;453;16113;1040;Administrador Total
346;16/12/2021 07:43;16/12/2021 18:14;CERRADA;453;24866,5;6504,5;Administrador Total
347;17/12/2021 07:44;17/12/2021 18:10;CERRADA;451;19142,5;1768,5;Administrador Total
348;18/12/2021 08:19;18/12/2021 15:30;CERRADA;451;11186;120;Administrador Total
349;20/12/2021 07:46;20/12/2021 18:09;CERRADA;426;21618;473;Administrador Total
350;21/12/2021 08:04;21/12/2021 18:15;CERRADA;451;17073,25;1047,75;Administrador Total
351;22/12/2021 07:47;22/12/2021 18:31;CERRADA;451;15335;945;Administrador Total
352;23/12/2021 07:51;23/12/2021 19:11;CERRADA;450;20708,96;321,04;Administrador Total
353;24/12/2021 07:44;24/12/2021 15:58;CERRADA;450;22608,06;3081,94;Administrador Total
354;27/12/2021 07:48;27/12/2021 18:20;CERRADA;450;10877,8;152,2;Administrador Total
355;28/12/2021 07:48;28/12/2021 18:17;CERRADA;420;11236,56;-876,56;Administrador Total
356;29/12/2021 07:44;29/12/2021 18:07;CERRADA;450;15456,36;658,64;Administrador Total
357;30/12/2021 07:45;30/12/2021 18:14;CERRADA;455;10877,65;1462,35;Administrador Total
358;3/1/2022 08:02;4/1/2022 18:31;CERRADA;430;25465,65;-7223,65;Administrador Total
359;5/1/2022 07:50;5/1/2022 18:06;CERRADA;460;10101;-348;Administrador Total
360;6/1/2022 07:42;6/1/2022 18:17;CERRADA;453;14456,5;446,5;Administrador Total
361;7/1/2022 07:59;7/1/2022 19:52;CERRADA;453;14460,5;922,5;Administrador Total
362;8/1/2022 08:17;8/1/2022 15:09;CERRADA;453;5098;540;Administrador Total
363;10/1/2022 07:40;10/1/2022 18:16;CERRADA;458;11007,5;243,5;Administrador Total
364;11/1/2022 08:44;11/1/2022 19:26;CERRADA;461;12285,45;5752,55;Administrador Total
365;12/1/2022 07:58;12/1/2022 18:48;CERRADA;460;9268,24;185,76;Administrador Total
366;13/1/2022 07:45;13/1/2022 18:25;CERRADA;450;13239,5;150,5;Administrador Total
367;14/1/2022 07:41;14/1/2022 18:34;CERRADA;450;7648,75;691,25;Administrador Total
368;15/1/2022 08:20;15/1/2022 15:08;CERRADA;450;4850;65;Administrador Total
369;17/1/2022 07:39;17/1/2022 18:07;CERRADA;460;12204;1621;Administrador Total
370;18/1/2022 07:40;18/1/2022 18:08;CERRADA;465;8946;255;Administrador Total
371;19/1/2022 07:59;20/1/2022 18:12;CERRADA;451;28014,86;2199,89;Administrador Total
372;21/1/2022 07:45;21/1/2022 18:20;CERRADA;435,75;9105,35;1010,65;Administrador Total
373;22/1/2022 08:21;22/1/2022 15:10;CERRADA;476;7531;250;Administrador Total
374;24/1/2022 07:38;24/1/2022 18:14;CERRADA;481;8323,88;472,37;Administrador Total
375;25/1/2022 07:37;25/1/2022 18:37;CERRADA;450;6423;142;Administrador Total
376;26/1/2022 07:45;26/1/2022 18:14;CERRADA;450;6107,5;857,5;Administrador Total
377;27/1/2022 07:36;27/1/2022 18:13;CERRADA;450;7053,5;509,5;Administrador Total
378;28/1/2022 08:17;28/1/2022 18:05;CERRADA;450;10504;626;Administrador Total
379;29/1/2022 08:08;29/1/2022 15:18;CERRADA;450;7023;122;Administrador Total
380;31/1/2022 07:39;31/1/2022 18:05;CERRADA;455;12755;890;Administrador Total
381;1/2/2022 08:20;1/2/2022 19:14;CERRADA;455;24106,3;315,7;Administrador Total
382;2/2/2022 07:44;2/2/2022 18:15;CERRADA;500;11222,41;504,59;Administrador Total
383;3/2/2022 07:48;3/2/2022 19:53;CERRADA;607;8126;227;Administrador Total
384;4/2/2022 07:49;4/2/2022 18:56;CERRADA;473;15422,5;501,5;Administrador Total
385;5/2/2022 08:29;5/2/2022 15:14;CERRADA;484;11277,75;746,25;Administrador Total
386;7/2/2022 07:43;7/2/2022 18:28;CERRADA;484;24114;875;Administrador Total
387;8/2/2022 07:44;8/2/2022 18:15;CERRADA;470;24055,55;638,45;Administrador Total
388;9/2/2022 07:49;9/2/2022 18:17;CERRADA;480;18328,62;1581,38;Administrador Total
389;10/2/2022 07:50;10/2/2022 18:39;CERRADA;490;17850;510;Administrador Total
390;11/2/2022 07:45;11/2/2022 18:23;CERRADA;500;18072,5;4285,5;Administrador Total
391;12/2/2022 08:10;12/2/2022 15:26;CERRADA;500;4076;430;Administrador Total
392;14/2/2022 07:41;14/2/2022 18:27;CERRADA;496;37552;1030;Administrador Total
393;15/2/2022 07:53;15/2/2022 18:36;CERRADA;502;15662;788,5;Administrador Total
394;16/2/2022 07:44;16/2/2022 18:29;CERRADA;490,5;18762,65;651,85;Administrador Total
395;17/2/2022 08:19;17/2/2022 18:08;CERRADA;490;25225,05;779,95;Administrador Total
396;18/2/2022 07:53;18/2/2022 18:29;CERRADA;475;22941,32;318,68;Administrador Total
397;19/2/2022 08:09;19/2/2022 15:58;CERRADA;485;12639;566;Administrador Total
398;21/2/2022 07:49;21/2/2022 18:16;CERRADA;485;28041,16;158,84;Administrador Total
399;22/2/2022 07:46;22/2/2022 18:59;CERRADA;500;41944,72;555,28;Administrador Total
400;23/2/2022 07:45;23/2/2022 18:20;CERRADA;490;38245,5;-80;Administrador Total
401;24/2/2022 07:53;24/2/2022 18:15;CERRADA;485;46193,85;136,15;Administrador Total
402;25/2/2022 07:48;25/2/2022 18:13;CERRADA;490;17545,98;991,02;Administrador Total
403;26/2/2022 08:18;26/2/2022 16:00;CERRADA;490;28200,7;1632,3;Administrador Total
404;28/2/2022 07:44;1/3/2022 08:03;CERRADA;485;58332,98;5182,02;Administrador Total
405;1/3/2022 08:05;1/3/2022 18:50;CERRADA;485;100944,54;290,46;Administrador Total
406;2/3/2022 07:52;2/3/2022 19:00;CERRADA;485;73175,4;564,6;Administrador Total
407;3/3/2022 07:51;3/3/2022 19:43;CERRADA;485;61425;868;Administrador Total
408;4/3/2022 07:52;4/3/2022 18:12;CERRADA;485;46314,92;2525,08;Administrador Total
409;5/3/2022 08:18;5/3/2022 15:11;CERRADA;420;30224,9;403,1;Administrador Total
410;7/3/2022 08:00;7/3/2022 18:07;CERRADA;418;58774,2;2995,8;Administrador Total
411;8/3/2022 08:03;8/3/2022 19:19;CERRADA;480;42832,9;722,1;Administrador Total
412;9/3/2022 07:49;9/3/2022 18:26;CERRADA;485;24977;1626;Administrador Total
413;10/3/2022 07:54;10/3/2022 18:28;CERRADA;385;37405,5;999,5;Administrador Total
414;11/3/2022 07:54;11/3/2022 18:15;CERRADA;480;25630,5;1280,5;Administrador Total
415;12/3/2022 08:12;12/3/2022 16:15;CERRADA;480;18526,6;281,4;Administrador Total
416;14/3/2022 07:49;14/3/2022 18:42;CERRADA;418;46716,5;2933,5;Administrador Total
417;15/3/2022 07:46;15/3/2022 18:47;CERRADA;460;47458,02;911,98;Administrador Total
418;16/3/2022 07:43;16/3/2022 18:32;CERRADA;470;33857,66;552,84;Administrador Total
419;17/3/2022 07:52;17/3/2022 18:26;CERRADA;480;24112,25;1007,75;Administrador Total
420;18/3/2022 07:44;18/3/2022 18:58;CERRADA;480;23977,76;1089,24;Administrador Total
421;19/3/2022 08:16;19/3/2022 15:10;CERRADA;480;15266,82;1497,18;Administrador Total
422;21/3/2022 07:47;21/3/2022 18:36;CERRADA;514;35902,5;757,5;Administrador Total
423;22/3/2022 08:00;22/3/2022 18:11;CERRADA;480;35346,5;0;Administrador Total
424;23/3/2022 08:05;23/3/2022 18:10;CERRADA;480;24535;525;Administrador Total
425;24/3/2022 07:51;24/3/2022 18:09;CERRADA;460;21274,9;172,1;Administrador Total
426;25/3/2022 08:07;25/3/2022 18:11;CERRADA;477;31256;391;Administrador Total
427;26/3/2022 08:28;26/3/2022 15:16;CERRADA;487;11755;876;Administrador Total
428;28/3/2022 07:46;28/3/2022 18:26;CERRADA;491;25160,4;1600,6;Administrador Total
429;29/3/2022 08:02;29/3/2022 18:31;CERRADA;471;19633,9;392,1;Administrador Total
430;30/3/2022 07:54;30/3/2022 18:12;CERRADA;485;18048,41;365,59;Administrador Total
431;31/3/2022 07:49;31/3/2022 19:47;CERRADA;485;34125,5;1634,5;Administrador Total
432;1/4/2022 07:58;1/4/2022 18:29;CERRADA;497;20836,35;858,65;Administrador Total
433;2/4/2022 08:28;2/4/2022 15:10;CERRADA;475;15753,91;621,09;Administrador Total
434;4/4/2022 07:53;4/4/2022 18:16;CERRADA;445;31937,3;1229,7;Administrador Total
435;5/4/2022 07:45;5/4/2022 18:33;CERRADA;490;36344,1;1405,9;Administrador Total
436;6/4/2022 07:53;6/4/2022 19:40;CERRADA;490;28068,04;1718,96;Administrador Total
437;7/4/2022 08:07;7/4/2022 19:07;CERRADA;451,75;26039,15;-89,4;Administrador Total
438;8/4/2022 07:52;8/4/2022 18:41;CERRADA;489,75;28152,53;2082,47;Administrador Total
439;9/4/2022 08:10;9/4/2022 15:18;CERRADA;495;18995,5;9313,5;Administrador Total
440;11/4/2022 08:12;11/4/2022 18:18;CERRADA;499;22750;3259;Administrador Total
441;12/4/2022 07:38;12/4/2022 18:12;CERRADA;439;30077,19;1162,81;Administrador Total
442;13/4/2022 07:51;13/4/2022 18:19;CERRADA;480;29503,9;1924,85;Administrador Total
443;18/4/2022 08:06;18/4/2022 18:17;CERRADA;458,75;26032,27;693,48;Administrador Total
444;19/4/2022 07:52;19/4/2022 18:44;CERRADA;465,75;25640,19;211,56;Administrador Total
445;20/4/2022 07:38;20/4/2022 18:47;CERRADA;480;34693,05;373,95;Administrador Total
446;21/4/2022 07:38;21/4/2022 18:28;CERRADA;490;25557,2;657,8;Administrador Total
447;22/4/2022 07:36;22/4/2022 18:48;CERRADA;515;14306,71;3416,54;Administrador Total
448;23/4/2022 08:07;23/4/2022 17:19;CERRADA;503,25;13864,98;-256,73;Administrador Total
449;25/4/2022 07:36;25/4/2022 18:48;CERRADA;498,25;29957,52;4624,73;Administrador Total
450;26/4/2022 07:42;26/4/2022 18:37;CERRADA;498,25;33522,95;649,3;Administrador Total
451;27/4/2022 07:40;27/4/2022 21:09;CERRADA;492,25;26355,2;6018,05;Administrador Total
452;28/4/2022 07:38;28/4/2022 19:37;CERRADA;483,25;21519,35;502,9;Administrador Total
453;29/4/2022 07:33;29/4/2022 18:27;CERRADA;482,25;10732,69;859,56;Administrador Total
454;30/4/2022 08:10;30/4/2022 16:40;CERRADA;480;19283,8;41,2;Administrador Total
455;2/5/2022 07:45;2/5/2022 18:29;CERRADA;480;20461;549;Administrador Total
456;3/5/2022 07:42;3/5/2022 18:08;CERRADA;490;25966,55;724,45;Administrador Total
457;4/5/2022 08:02;4/5/2022 18:15;CERRADA;506;34789,72;1241,53;Administrador Total
458;5/5/2022 07:40;5/5/2022 18:13;CERRADA;450,25;30766,48;1988,77;Administrador Total
459;6/5/2022 07:41;6/5/2022 18:53;CERRADA;425,25;27561,63;2333,62;Administrador Total
460;7/5/2022 08:16;7/5/2022 15:31;CERRADA;485,25;12146,8;184,45;Administrador Total
461;9/5/2022 06:58;9/5/2022 18:57;CERRADA;511,25;27178,16;843,09;Administrador Total
462;10/5/2022 07:34;10/5/2022 18:31;CERRADA;491,25;31592,08;999,17;Administrador Total
463;11/5/2022 07:47;11/5/2022 19:29;CERRADA;481,25;21246,67;1694,58;Administrador Total
464;12/5/2022 07:38;12/5/2022 19:19;CERRADA;481,25;29293,21;1728,04;Administrador Total
465;13/5/2022 07:36;13/5/2022 19:26;CERRADA;491,25;27438,28;737,97;Administrador Total
466;14/5/2022 08:14;14/5/2022 15:11;CERRADA;490;12870,88;239,12;Administrador Total
467;16/5/2022 07:47;16/5/2022 18:19;CERRADA;540;36096,13;2725,87;Administrador Total
468;17/5/2022 07:42;17/5/2022 18:20;CERRADA;490;25968,6;721,4;Administrador Total
469;19/5/2022 07:29;19/5/2022 18:43;CERRADA;490;26536,05;768,95;Administrador Total
470;20/5/2022 07:55;20/5/2022 18:21;CERRADA;490;27412,38;272,62;Administrador Total
471;21/5/2022 08:19;21/5/2022 15:14;CERRADA;490;18567,86;117,14;Administrador Total
472;23/5/2022 07:03;23/5/2022 18:34;CERRADA;490;33407,93;727,07;Administrador Total
473;24/5/2022 07:39;24/5/2022 18:20;CERRADA;500;27928,65;796,35;Administrador Total
474;25/5/2022 07:43;25/5/2022 19:33;CERRADA;485;21763,99;678,01;Administrador Total
475;26/5/2022 07:37;26/5/2022 19:04;CERRADA;500;17416;1334;Administrador Total
476;27/5/2022 07:40;27/5/2022 18:58;CERRADA;500;17138;372;Administrador Total
477;28/5/2022 09:43;28/5/2022 15:53;CERRADA;490;16946,11;12,89;Administrador Total
478;30/5/2022 07:06;30/5/2022 18:21;CERRADA;489;26960,95;1673,05;Administrador Total
479;31/5/2022 07:48;31/5/2022 18:48;CERRADA;490;25121,19;639,81;Administrador Total
480;1/6/2022 07:45;1/6/2022 19:27;CERRADA;471;23361;717;Administrador Total
481;2/6/2022 07:30;2/6/2022 18:26;CERRADA;508;24126;937;Administrador Total
482;3/6/2022 07:47;3/6/2022 18:03;CERRADA;450;25806,67;-218,67;Administrador Total
483;4/6/2022 08:39;4/6/2022 15:18;CERRADA;498;21543;150;Administrador Total
484;6/6/2022 08:09;6/6/2022 19:20;CERRADA;478;23634,26;357,49;Administrador Total
485;7/6/2022 07:34;7/6/2022 20:04;CERRADA;491,75;32729,25;367,5;Administrador Total
486;8/6/2022 07:50;8/6/2022 18:41;CERRADA;496,75;37081,14;262,61;Administrador Total
487;9/6/2022 07:34;9/6/2022 18:15;CERRADA;513,75;28028;1403,75;Administrador Total
488;10/6/2022 07:43;10/6/2022 18:24;CERRADA;511,75;32737,25;2072,5;Administrador Total
489;11/6/2022 08:13;11/6/2022 15:16;CERRADA;499,75;24616,93;614,82;Administrador Total
490;13/6/2022 07:05;13/6/2022 18:19;CERRADA;540;33867;763,75;Administrador Total
491;14/6/2022 07:42;14/6/2022 18:24;CERRADA;535,75;40335,4;1585,35;Administrador Total
492;15/6/2022 07:45;15/6/2022 18:18;CERRADA;490;39660,7;644,3;Administrador Total
493;16/6/2022 08:00;16/6/2022 18:11;CERRADA;530;47024;863;Administrador Total
494;17/6/2022 07:44;17/6/2022 18:12;CERRADA;542;21326,41;285,59;Administrador Total
495;18/6/2022 08:16;18/6/2022 15:18;CERRADA;532;25289;853;Administrador Total
496;20/6/2022 07:44;20/6/2022 18:27;CERRADA;572;17559,5;563,5;Administrador Total
497;21/6/2022 07:50;21/6/2022 18:27;CERRADA;503;32357,95;362,05;Administrador Total
498;22/6/2022 07:40;22/6/2022 18:45;CERRADA;520;43715,26;1129,74;Administrador Total
499;23/6/2022 07:41;23/6/2022 18:16;CERRADA;510;32352,8;1252,2;Administrador Total
500;24/6/2022 07:39;24/6/2022 20:07;CERRADA;510;27017,98;2103,02;Administrador Total
501;25/6/2022 08:37;25/6/2022 15:56;CERRADA;499;19059,8;964,2;Administrador Total
502;27/6/2022 07:08;27/6/2022 19:01;CERRADA;514;30642;-11;Administrador Total
503;28/6/2022 07:42;28/6/2022 18:32;CERRADA;490;30609,74;240,26;Administrador Total
504;29/6/2022 07:47;29/6/2022 18:19;CERRADA;490;34190,5;782,5;Administrador Total
505;30/6/2022 07:52;30/6/2022 20:36;CERRADA;503;27088,1;434,9;Administrador Total
506;1/7/2022 07:39;1/7/2022 18:26;CERRADA;483;26774,02;2222,98;Administrador Total
507;2/7/2022 08:00;2/7/2022 15:17;CERRADA;480;29290,2;1320,8;Administrador Total
508;4/7/2022 06:58;4/7/2022 18:24;CERRADA;485;28553,5;131,5;Administrador Total
509;5/7/2022 07:50;5/7/2022 18:31;CERRADA;480;33648,9;485,1;Administrador Total
510;6/7/2022 07:45;6/7/2022 19:08;CERRADA;470;38620,8;629,2;Administrador Total
511;7/7/2022 07:35;7/7/2022 18:24;CERRADA;480;30292,5;1447,5;Administrador Total
512;8/7/2022 07:40;8/7/2022 18:50;CERRADA;480;24396,44;3008,56;Administrador Total
513;9/7/2022 08:10;9/7/2022 15:42;CERRADA;475;24789,37;570,63;Administrador Total
514;11/7/2022 07:05;11/7/2022 18:19;CERRADA;480;25085,5;1660,5;Administrador Total
515;12/7/2022 07:41;12/7/2022 18:18;CERRADA;480;20054,5;402,5;Administrador Total
516;13/7/2022 07:44;13/7/2022 18:42;CERRADA;480;28046,38;509,62;Administrador Total
517;14/7/2022 07:40;14/7/2022 20:35;CERRADA;480;17775;110;Administrador Total
518;15/7/2022 07:49;15/7/2022 18:43;CERRADA;480;18204;189;Administrador Total
519;16/7/2022 08:17;16/7/2022 15:55;CERRADA;480;8905;50;Administrador Total
520;18/7/2022 07:12;18/7/2022 18:03;CERRADA;485;24395;858,5;Administrador Total
521;19/7/2022 07:41;19/7/2022 18:09;CERRADA;480;15260;675;Administrador Total
522;20/7/2022 07:42;20/7/2022 18:10;CERRADA;480;20642,15;214,85;Administrador Total
523;21/7/2022 07:43;21/7/2022 18:54;CERRADA;487;19212,9;488,1;Administrador Total
524;22/7/2022 07:45;22/7/2022 18:48;CERRADA;470;10005;225;Administrador Total
525;23/7/2022 08:16;23/7/2022 15:16;CERRADA;472;15187,3;2114,7;Administrador Total
526;25/7/2022 07:31;25/7/2022 18:20;CERRADA;463;41303,88;849,12;Administrador Total
527;26/7/2022 07:48;26/7/2022 19:55;CERRADA;453;25985,5;647,5;Administrador Total
528;27/7/2022 08:00;27/7/2022 18:12;CERRADA;453;23287;1154,75;Administrador Total
529;28/7/2022 07:40;28/7/2022 18:03;CERRADA;451,75;21568,25;448,5;Administrador Total
530;29/7/2022 07:49;29/7/2022 18:16;CERRADA;482,75;21805,25;1977,5;Administrador Total
531;30/7/2022 08:20;30/7/2022 15:25;CERRADA;478,75;32573,75;4905;Administrador Total
532;1/8/2022 07:36;1/8/2022 18:32;CERRADA;478,75;31213,75;1025;Administrador Total
533;2/8/2022 07:42;2/8/2022 18:49;CERRADA;478,75;37333,25;520,5;Administrador Total
534;3/8/2022 07:35;3/8/2022 18:22;CERRADA;463,75;35893,75;806,5;Administrador Total
535;4/8/2022 07:30;4/8/2022 18:43;CERRADA;470,25;43794,99;827,26;Administrador Total
536;5/8/2022 07:43;5/8/2022 18:14;CERRADA;470,25;37341,8;1717,45;Administrador Total
537;6/8/2022 08:44;6/8/2022 15:13;CERRADA;464,25;20448,7;205,55;Administrador Total
538;8/8/2022 07:34;8/8/2022 18:47;CERRADA;464,25;48396,81;5247,44;Administrador Total
539;9/8/2022 07:42;9/8/2022 19:28;CERRADA;474,25;29188,8;2475,45;Administrador Total
540;10/8/2022 07:47;10/8/2022 18:57;CERRADA;474,25;30239,75;94,5;Administrador Total
541;11/8/2022 08:04;11/8/2022 18:33;CERRADA;464,25;25921,85;2686,4;Administrador Total
542;12/8/2022 07:39;12/8/2022 18:15;CERRADA;458,25;40030,05;768,2;Administrador Total
543;13/8/2022 08:17;13/8/2022 15:12;CERRADA;458,25;23742,65;410,6;Administrador Total
544;15/8/2022 08:03;15/8/2022 18:11;CERRADA;453,25;29149,5;93,75;Administrador Total
545;16/8/2022 07:37;16/8/2022 18:34;CERRADA;453,25;37352,3;800,95;Administrador Total
546;17/8/2022 07:41;17/8/2022 18:17;CERRADA;453,25;27802,49;460,76;Administrador Total
547;18/8/2022 07:59;18/8/2022 18:48;CERRADA;403,25;47088,75;42,5;Administrador Total
548;19/8/2022 07:39;19/8/2022 18:25;CERRADA;451,25;33072,15;1299,1;Administrador Total
549;20/8/2022 08:08;20/8/2022 15:13;CERRADA;451,25;26131,91;104,34;Administrador Total
550;22/8/2022 07:46;22/8/2022 18:23;CERRADA;486,25;45610,25;801;Administrador Total
551;23/8/2022 08:04;23/8/2022 18:15;CERRADA;452,25;30530,25;290;Administrador Total
552;24/8/2022 07:42;24/8/2022 19:45;CERRADA;450;30903;-2913;Administrador Total
553;25/8/2022 07:48;25/8/2022 18:22;CERRADA;450;40041,9;571,1;Administrador Total
554;26/8/2022 07:45;26/8/2022 18:14;CERRADA;458;19922;1;Administrador Total
555;27/8/2022 08:11;27/8/2022 15:28;CERRADA;453;21474,7;780,3;Administrador Total
556;29/8/2022 07:45;29/8/2022 18:08;CERRADA;455;28590;270;Administrador Total
557;30/8/2022 07:41;30/8/2022 18:09;CERRADA;490;28791,84;308,16;Administrador Total
558;31/8/2022 07:42;31/8/2022 18:14;CERRADA;410;24385;610;Administrador Total
559;1/9/2022 07:44;1/9/2022 18:12;CERRADA;485;29096,5;423,5;Administrador Total
560;2/9/2022 07:42;2/9/2022 18:06;CERRADA;510;26400;20;Administrador Total
561;3/9/2022 08:10;3/9/2022 15:17;CERRADA;420;25462;678;Administrador Total
562;5/9/2022 07:44;5/9/2022 18:22;CERRADA;440;36690,35;449,65;Administrador Total
563;6/9/2022 07:45;6/9/2022 18:05;CERRADA;450;40292,98;587,02;Administrador Total
564;7/9/2022 07:46;7/9/2022 18:11;CERRADA;450;32698,5;435,5;Administrador Total
565;8/9/2022 07:44;8/9/2022 18:08;CERRADA;454;36288,5;825,5;Administrador Total
566;9/9/2022 07:43;9/9/2022 18:22;CERRADA;464;24374;730;Administrador Total
567;10/9/2022 08:10;10/9/2022 15:07;CERRADA;454;38501;2620,5;Administrador Total
568;12/9/2022 07:40;12/9/2022 20:32;CERRADA;455,5;41045,5;335;Administrador Total
569;13/9/2022 07:40;13/9/2022 18:42;CERRADA;450;32095,5;244,5;Administrador Total
570;14/9/2022 07:45;14/9/2022 18:21;CERRADA;455;35727,5;529,5;Administrador Total
571;15/9/2022 07:39;15/9/2022 18:18;CERRADA;457;35045,75;406,25;Administrador Total
572;16/9/2022 07:46;16/9/2022 18:11;CERRADA;462;32337,2;374,8;Administrador Total
573;17/9/2022 08:19;17/9/2022 15:08;CERRADA;432;38017,6;634,4;Administrador Total
574;19/9/2022 07:45;19/9/2022 18:40;CERRADA;402;27027;463;Administrador Total
575;20/9/2022 07:47;20/9/2022 19:24;CERRADA;450;33826,6;313,4;Administrador Total
576;21/9/2022 07:40;21/9/2022 18:51;CERRADA;460;36625,44;564,56;Administrador Total
577;22/9/2022 07:41;22/9/2022 18:26;CERRADA;450;39248,2;86,8;Administrador Total
578;23/9/2022 07:44;23/9/2022 18:19;CERRADA;455;22704,9;345,1;Administrador Total
579;24/9/2022 08:15;26/9/2022 07:45;CERRADA;450;18689,2;315,8;Administrador Total
580;26/9/2022 07:46;26/9/2022 18:13;CERRADA;405;37176,28;815,72;Administrador Total
581;27/9/2022 07:45;27/9/2022 20:31;CERRADA;452;33572;120;Administrador Total
582;28/9/2022 07:47;28/9/2022 18:16;CERRADA;452;24609,25;982,75;Administrador Total
583;29/9/2022 08:06;29/9/2022 18:25;CERRADA;452;22899,05;132,95;Administrador Total
584;30/9/2022 07:45;30/9/2022 18:10;CERRADA;452;18962;595;Administrador Total
585;1/10/2022 08:06;1/10/2022 15:16;CERRADA;457;38161,8;105,2;Administrador Total
586;3/10/2022 07:45;3/10/2022 18:12;CERRADA;457;40107,5;849,5;Administrador Total
587;4/10/2022 07:40;4/10/2022 18:25;CERRADA;465;33415,24;3014,76;Administrador Total
588;5/10/2022 07:40;5/10/2022 18:15;CERRADA;455;29459,6;1385,4;Administrador Total
589;6/10/2022 07:41;7/10/2022 18:55;CERRADA;455;52780,35;3313,65;Administrador Total
590;8/10/2022 08:01;8/10/2022 15:09;CERRADA;457;29148;569;Administrador Total
591;10/10/2022 07:39;10/10/2022 18:25;CERRADA;467;23067;445;Administrador Total
592;11/10/2022 07:41;11/10/2022 18:11;CERRADA;452;37499;432;Administrador Total
593;12/10/2022 07:42;12/10/2022 18:14;CERRADA;451;51528,5;1561,5;Administrador Total
594;13/10/2022 07:42;13/10/2022 18:07;CERRADA;410;53233,7;2046,3;Administrador Total
595;14/10/2022 07:43;14/10/2022 18:09;CERRADA;430;39877,3;817,7;Administrador Total
596;15/10/2022 08:16;15/10/2022 15:14;CERRADA;465;25580,4;34,6;Administrador Total
597;17/10/2022 07:40;17/10/2022 18:23;CERRADA;465;48577,3;2186,7;Administrador Total
598;18/10/2022 07:46;18/10/2022 18:17;CERRADA;454;39236;844;Administrador Total
599;19/10/2022 07:47;19/10/2022 18:07;CERRADA;450;28750,2;559,8;Administrador Total
600;20/10/2022 07:42;20/10/2022 18:11;CERRADA;450;24466,85;418,15;Administrador Total
601;21/10/2022 07:44;21/10/2022 18:05;CERRADA;455;41387,5;1762,5;Administrador Total
602;22/10/2022 08:07;22/10/2022 16:06;CERRADA;450;21863;1422,5;Administrador Total
603;24/10/2022 07:42;24/10/2022 18:21;CERRADA;465;73033,9;1106,1;Administrador Total
604;25/10/2022 07:42;25/10/2022 18:10;CERRADA;450;39980,5;1639,5;Administrador Total
605;26/10/2022 07:45;26/10/2022 18:28;CERRADA;450;26937,5;322,5;Administrador Total
606;27/10/2022 07:40;27/10/2022 19:15;CERRADA;450;33680,5;1349,5;Administrador Total
607;28/10/2022 07:41;28/10/2022 18:23;CERRADA;450;28507,5;52,5;Administrador Total
608;29/10/2022 08:12;29/10/2022 17:17;CERRADA;450;37034,2;150,8;Administrador Total
609;31/10/2022 07:42;31/10/2022 18:13;CERRADA;455;36415;-2735;Administrador Total
610;1/11/2022 07:43;1/11/2022 18:50;CERRADA;450;41795,5;14,5;Administrador Total
611;2/11/2022 08:02;2/11/2022 18:31;CERRADA;450;37923,8;1440,7;Administrador Total
612;3/11/2022 07:39;3/11/2022 18:34;CERRADA;464,5;38167;428;Administrador Total
613;4/11/2022 07:45;4/11/2022 19:05;CERRADA;455;31328,35;331,65;Administrador Total
614;5/11/2022 08:12;5/11/2022 15:24;CERRADA;480;36039,11;-949,11;Administrador Total
615;7/11/2022 07:52;7/11/2022 18:21;CERRADA;480;41550,6;599,4;Administrador Total
616;8/11/2022 07:31;8/11/2022 18:29;CERRADA;400;37842,45;2607,55;Administrador Total
617;9/11/2022 07:48;9/11/2022 18:22;CERRADA;490;40166,25;1019,75;Administrador Total
618;10/11/2022 07:51;10/11/2022 18:20;CERRADA;496;49966;865;Administrador Total
619;11/11/2022 07:43;11/11/2022 19:16;CERRADA;500;25587,2;172,8;Administrador Total
620;12/11/2022 08:12;12/11/2022 15:14;CERRADA;500;28561;600;Administrador Total
621;14/11/2022 07:39;14/11/2022 18:11;CERRADA;471;44030,67;2889,33;Administrador Total
622;15/11/2022 07:44;15/11/2022 18:15;CERRADA;480;52799,88;1016,12;Administrador Total
623;16/11/2022 07:43;16/11/2022 18:28;CERRADA;491;36187,96;1219,04;Administrador Total
624;17/11/2022 07:44;17/11/2022 18:12;CERRADA;490;37758,6;-73,6;Administrador Total
625;18/11/2022 07:41;18/11/2022 18:20;CERRADA;495;44057,67;1406,33;Administrador Total
626;19/11/2022 08:13;19/11/2022 16:39;CERRADA;454;26996,51;75,49;Administrador Total
627;21/11/2022 07:41;21/11/2022 18:33;CERRADA;480;31086,5;18,5;Administrador Total
628;22/11/2022 07:52;22/11/2022 18:44;CERRADA;485;32319,75;296,25;Administrador Total
629;23/11/2022 07:45;23/11/2022 18:32;CERRADA;480;31260,73;-6,73;Administrador Total
630;24/11/2022 07:37;24/11/2022 18:10;CERRADA;398;26696,1;606,9;Administrador Total
631;25/11/2022 07:40;25/11/2022 18:18;CERRADA;493;31008,3;834,7;Administrador Total
632;26/11/2022 08:12;26/11/2022 15:47;CERRADA;493;17720;23;Administrador Total
633;28/11/2022 07:42;28/11/2022 18:18;CERRADA;483;24140,5;1822,5;Administrador Total
634;29/11/2022 07:39;29/11/2022 18:11;CERRADA;483;31612,55;80,45;Administrador Total
635;30/11/2022 07:40;30/11/2022 18:09;CERRADA;483;18302,8;250,2;Administrador Total
636;1/12/2022 08:03;1/12/2022 18:10;CERRADA;483;28034,15;407,85;Administrador Total
637;2/12/2022 07:42;2/12/2022 18:08;CERRADA;512;46296,8;-19665,8;Administrador Total
638;3/12/2022 08:12;3/12/2022 15:18;CERRADA;451;18443,1;262,9;Administrador Total
639;5/12/2022 07:45;5/12/2022 18:14;CERRADA;476;31973,75;1606,75;Administrador Total
640;6/12/2022 07:46;6/12/2022 18:28;CERRADA;450;31097;768;Administrador Total
641;7/12/2022 07:39;7/12/2022 18:26;CERRADA;455;26678;72;Administrador Total
642;8/12/2022 08:14;8/12/2022 18:21;CERRADA;450;15215;130;Administrador Total
643;9/12/2022 07:45;9/12/2022 18:17;CERRADA;465;15324;94;Administrador Total
644;10/12/2022 08:12;10/12/2022 15:17;CERRADA;490;16327,5;297,5;Administrador Total
645;12/12/2022 07:44;12/12/2022 18:22;CERRADA;495;36345,6;1303,4;Administrador Total
646;13/12/2022 07:39;13/12/2022 18:09;CERRADA;490;30555,8;964,2;Administrador Total
647;14/12/2022 07:58;14/12/2022 18:21;CERRADA;470;36444,35;125,65;Administrador Total
648;15/12/2022 07:41;15/12/2022 18:09;CERRADA;460;39870;584;Administrador Total
649;16/12/2022 07:55;16/12/2022 18:54;CERRADA;474;32301,6;1417,4;Administrador Total
650;17/12/2022 08:46;17/12/2022 15:30;CERRADA;469;21013,2;4955,8;Administrador Total
651;19/12/2022 07:41;19/12/2022 18:16;CERRADA;489;31883;899;Administrador Total
652;20/12/2022 07:51;20/12/2022 18:09;CERRADA;482;17372,3;-888,3;Administrador Total
653;21/12/2022 07:42;21/12/2022 18:58;CERRADA;474;21610;-456;Administrador Total
654;22/12/2022 07:45;22/12/2022 18:21;CERRADA;474;30503,5;965,5;Administrador Total
655;23/12/2022 07:41;23/12/2022 19:00;CERRADA;459;18846,5;252,5;Administrador Total
656;24/12/2022 08:09;24/12/2022 13:59;CERRADA;479;18594;2000;Administrador Total
657;26/12/2022 07:41;26/12/2022 18:27;CERRADA;484;25289;0;Administrador Total
658;27/12/2022 07:44;27/12/2022 18:25;CERRADA;479;17929;-5;Administrador Total
659;28/12/2022 07:42;28/12/2022 18:01;CERRADA;474;17229;215;Administrador Total
660;29/12/2022 08:19;29/12/2022 18:13;CERRADA;484;17151,2;227,8;Administrador Total
661;30/12/2022 07:40;30/12/2022 18:15;CERRADA;469;24506,5;327,5;Administrador Total
662;3/1/2023 07:43;3/1/2023 18:18;CERRADA;424;29164,35;257,65;Administrador Total
663;4/1/2023 08:36;4/1/2023 18:10;CERRADA;470;14205;1270;Administrador Total
664;5/1/2023 07:40;5/1/2023 18:41;CERRADA;470;27827,5;277,5;Administrador Total
665;6/1/2023 07:46;6/1/2023 18:21;CERRADA;495;32622,5;2252,5;Administrador Total
666;7/1/2023 08:16;7/1/2023 16:57;CERRADA;485;15242,5;52,5;Administrador Total
667;9/1/2023 07:39;9/1/2023 18:50;CERRADA;485;16935;2000;Administrador Total
668;10/1/2023 07:44;10/1/2023 18:14;CERRADA;495;39270,7;739,3;Administrador Total
669;11/1/2023 07:41;11/1/2023 18:51;CERRADA;460;15414,7;560,3;Administrador Total
670;12/1/2023 07:46;12/1/2023 18:21;CERRADA;525;12200;860;Administrador Total
671;13/1/2023 07:46;13/1/2023 18:18;CERRADA;490;36510;1395;Administrador Total
672;14/1/2023 08:15;14/1/2023 15:21;CERRADA;480;28580,8;359,2;Administrador Total
673;16/1/2023 07:45;16/1/2023 18:15;CERRADA;500;15930;1460;Administrador Total
674;17/1/2023 07:42;17/1/2023 18:10;CERRADA;470;28692;-72;Administrador Total
675;18/1/2023 07:40;18/1/2023 18:25;CERRADA;480;43000,6;-20,6;Administrador Total
676;19/1/2023 07:35;19/1/2023 18:16;CERRADA;450;29970;86;Administrador Total
677;20/1/2023 08:05;20/1/2023 18:24;CERRADA;496;54409,75;956,25;Administrador Total
678;21/1/2023 08:10;21/1/2023 15:15;CERRADA;496;13854;215;Administrador Total
679;23/1/2023 07:49;23/1/2023 18:55;CERRADA;469;20604;572;Administrador Total
680;24/1/2023 07:35;24/1/2023 18:28;CERRADA;484;25973,75;330,25;Administrador Total
681;25/1/2023 08:02;25/1/2023 18:07;CERRADA;490;24677,73;162,27;Administrador Total
682;26/1/2023 07:36;26/1/2023 18:21;CERRADA;430;17972,5;557,5;Administrador Total
683;27/1/2023 07:42;27/1/2023 19:01;CERRADA;490;16970;105;Administrador Total
684;28/1/2023 08:07;28/1/2023 15:48;CERRADA;485;38429,6;1010,4;Administrador Total
685;30/1/2023 07:42;30/1/2023 09:10;CERRADA;480;3005;0;Administrador Total
686;30/1/2023 09:10;30/1/2023 18:30;CERRADA;480;13209;2855;Administrador Total
687;31/1/2023 07:41;31/1/2023 18:15;CERRADA;484;33891,25;57,75;Administrador Total
688;1/2/2023 07:41;1/2/2023 18:13;CERRADA;489;21448,78;1570,22;Administrador Total
689;2/2/2023 07:47;2/2/2023 19:23;CERRADA;489;29121,3;1582,7;Administrador Total
690;3/2/2023 07:48;3/2/2023 18:20;CERRADA;484;36809;-200;Administrador Total
691;4/2/2023 08:10;4/2/2023 16:23;CERRADA;489;50683,25;50,75;Administrador Total
692;6/2/2023 06:35;6/2/2023 19:29;CERRADA;484;56074,7;-375,7;Administrador Total
693;7/2/2023 06:38;7/2/2023 19:21;CERRADA;480;45200,6;179,4;Administrador Total
694;8/2/2023 06:45;8/2/2023 19:31;CERRADA;480;46125,08;324,92;Administrador Total
695;8/2/2023 06:45;8/2/2023 19:31;CERRADA;480;46125,08;0;Administrador Total
696;8/2/2023 06:45;8/2/2023 19:31;CERRADA;480;46125,08;0;Administrador Total
697;9/2/2023 06:35;9/2/2023 19:44;CERRADA;480;49112,7;742,3;Administrador Total
698;10/2/2023 06:31;10/2/2023 19:52;CERRADA;475;50924;1924;Administrador Total
699;11/2/2023 08:41;11/2/2023 15:39;CERRADA;480;30630;459;Administrador Total
700;13/2/2023 06:39;13/2/2023 19:18;CERRADA;489;38855;985;Administrador Total
701;14/2/2023 06:36;14/2/2023 19:17;CERRADA;480;34585,19;2299,81;Administrador Total
702;15/2/2023 06:33;15/2/2023 19:17;CERRADA;485;74959,5;340,5;Administrador Total
703;16/2/2023 06:36;16/2/2023 19:18;CERRADA;480;117172,3;392,7;Administrador Total
704;17/2/2023 06:32;17/2/2023 19:28;CERRADA;475;69050;1495;Administrador Total
705;18/2/2023 07:58;18/2/2023 16:29;CERRADA;480;53034,55;2060,45;Administrador Total
706;20/2/2023 07:14;20/2/2023 19:52;CERRADA;480;32419;451;Administrador Total
707;21/2/2023 06:31;21/2/2023 19:17;CERRADA;480;76607,5;872,5;Administrador Total
708;22/2/2023 06:37;22/2/2023 19:30;CERRADA;470;84969,8;605,2;Administrador Total
709;23/2/2023 06:36;23/2/2023 19:48;CERRADA;465;76416,25;18033,75;Administrador Total
710;24/2/2023 06:35;24/2/2023 19:14;CERRADA;460;119741,35;12603,65;Administrador Total
711;25/2/2023 08:03;25/2/2023 15:32;CERRADA;465;103005,5;701,5;Administrador Total
712;27/2/2023 06:42;27/2/2023 19:43;CERRADA;470;171789,7;-19479,7;Administrador Total
713;28/2/2023 06:33;28/2/2023 20:27;CERRADA;465;303213,75;4776,25;Administrador Total
714;1/3/2023 06:36;1/3/2023 19:14;CERRADA;460;151744;1821;Administrador Total
715;2/3/2023 06:31;2/3/2023 19:12;CERRADA;483;107404,29;3418,71;Administrador Total
716;3/3/2023 06:34;3/3/2023 20:34;CERRADA;480;74357,5;-619,5;Administrador Total
717;4/3/2023 08:04;4/3/2023 15:48;CERRADA;478;60135,5;8322,5;Administrador Total
718;6/3/2023 06:38;6/3/2023 19:14;CERRADA;468;126456;1452;Administrador Total
719;7/3/2023 06:36;7/3/2023 19:33;CERRADA;468;90976;-2203;Administrador Total
720;8/3/2023 06:34;8/3/2023 19:09;CERRADA;473;65028,5;134,5;Administrador Total
721;9/3/2023 06:37;9/3/2023 19:43;CERRADA;480;76574,6;2765,4;Administrador Total
722;10/3/2023 06:32;10/3/2023 19:33;CERRADA;470;74513;1717;Administrador Total
723;11/3/2023 08:06;11/3/2023 15:12;CERRADA;470;30553;560;Administrador Total
724;13/3/2023 06:36;13/3/2023 19:28;CERRADA;473;92248,5;3244,5;Administrador Total
725;14/3/2023 06:58;14/3/2023 19:25;CERRADA;470;46575,5;16909,5;Administrador Total
726;15/3/2023 06:35;15/3/2023 19:24;CERRADA;470;60799;-69;Administrador Total
727;16/3/2023 06:36;16/3/2023 19:22;CERRADA;470;83826,3;315,7;Administrador Total
728;17/3/2023 06:37;17/3/2023 19:22;CERRADA;470;58084;1476;Administrador Total
729;18/3/2023 08:19;18/3/2023 16:31;CERRADA;470;36320,1;39,9;Administrador Total
730;20/3/2023 06:46;20/3/2023 19:04;CERRADA;470;75473,5;1987;Administrador Total
731;21/3/2023 06:39;21/3/2023 19:13;CERRADA;480,5;53426,5;1119;Administrador Total
732;22/3/2023 06:35;22/3/2023 19:08;CERRADA;445,5;50566;154;Administrador Total
733;23/3/2023 06:42;23/3/2023 19:49;CERRADA;470,5;34228,5;676,5;Administrador Total
734;24/3/2023 06:37;24/3/2023 19:26;CERRADA;460;28116,5;-45,5;Administrador Total
735;25/3/2023 08:19;25/3/2023 15:21;CERRADA;461;26761;175;Administrador Total
736;27/3/2023 07:01;27/3/2023 19:28;CERRADA;456;59226,5;2119,5;Administrador Total
737;28/3/2023 06:37;28/3/2023 19:31;CERRADA;466;48269;847;Administrador Total
738;29/3/2023 06:39;29/3/2023 19:34;CERRADA;466;43213,75;2866,25;Administrador Total
739;30/3/2023 06:41;30/3/2023 20:03;CERRADA;490;23616,7;222,3;Administrador Total
740;31/3/2023 06:40;31/3/2023 19:11;CERRADA;489;40928,8;2215,2;Administrador Total
741;1/4/2023 08:38;1/4/2023 15:35;CERRADA;504;21686,5;92,5;Administrador Total
742;3/4/2023 06:58;3/4/2023 19:24;CERRADA;479;52939;1185;Administrador Total
743;4/4/2023 06:31;4/4/2023 19:32;CERRADA;524;40859;930;Administrador Total
744;5/4/2023 06:46;5/4/2023 19:10;CERRADA;499;44195;394,5;Administrador Total
745;6/4/2023 06:35;6/4/2023 13:05;CERRADA;556,5;25486,5;-110;Administrador Total
746;10/4/2023 06:43;10/4/2023 19:20;CERRADA;530,5;48558,5;1001,5;Administrador Total
747;11/4/2023 06:39;11/4/2023 20:03;CERRADA;480;47630,02;2169,98;Administrador Total
748;12/4/2023 06:30;12/4/2023 19:50;CERRADA;480;75249,25;-1089,25;Administrador Total
749;13/4/2023 06:36;13/4/2023 19:03;CERRADA;488;34582,25;735,75;Administrador Total
750;14/4/2023 06:43;14/4/2023 19:09;CERRADA;488;43991,75;1166,25;Administrador Total
751;15/4/2023 08:14;15/4/2023 15:25;CERRADA;488;29555,25;587,75;Administrador Total
752;17/4/2023 06:45;17/4/2023 19:13;CERRADA;493;74884;2882;Administrador Total
753;18/4/2023 06:44;18/4/2023 19:19;CERRADA;483;48466,5;1734,5;Administrador Total
754;19/4/2023 06:41;19/4/2023 20:01;CERRADA;491;49883;928;Administrador Total
755;20/4/2023 06:48;20/4/2023 19:29;CERRADA;491;54961;1950;Administrador Total
756;21/4/2023 06:38;21/4/2023 19:23;CERRADA;521;53652,85;423,15;Administrador Total
757;22/4/2023 08:10;22/4/2023 15:42;CERRADA;508;30463;544;Administrador Total
758;24/4/2023 06:47;24/4/2023 19:25;CERRADA;507;71936;1197;Administrador Total
759;25/4/2023 06:41;25/4/2023 19:25;CERRADA;508;37848,6;1473,4;Administrador Total
760;26/4/2023 06:55;26/4/2023 19:35;CERRADA;502;35437,5;465,5;Administrador Total
761;27/4/2023 06:42;27/4/2023 19:17;CERRADA;473;40993,5;848,5;Administrador Total
762;28/4/2023 06:44;28/4/2023 19:04;CERRADA;472;26636;-206;Administrador Total
763;29/4/2023 08:31;29/4/2023 15:11;CERRADA;433,5;35847,75;685,75;Administrador Total
764;2/5/2023 06:46;2/5/2023 19:19;CERRADA;433,5;32873,35;319,65;Administrador Total
765;3/5/2023 06:51;3/5/2023 19:35;CERRADA;460;37711,5;938,5;Administrador Total
766;4/5/2023 06:45;4/5/2023 19:26;CERRADA;450;34795;-465;Administrador Total
767;5/5/2023 07:00;5/5/2023 19:45;CERRADA;450;17975;-95;Administrador Total
768;6/5/2023 08:23;6/5/2023 15:47;CERRADA;450;33315;375;Administrador Total
769;8/5/2023 06:39;8/5/2023 19:31;CERRADA;450;73892,05;4260,95;Administrador Total
770;9/5/2023 06:52;9/5/2023 19:14;CERRADA;453;54767,34;3216,16;Administrador Total
771;10/5/2023 06:42;10/5/2023 19:17;CERRADA;393,5;68543,5;3378;Administrador Total
772;11/5/2023 06:55;11/5/2023 19:24;CERRADA;471,5;42428,5;3763;Administrador Total
773;12/5/2023 06:51;12/5/2023 19:22;CERRADA;401,5;50031,5;189,5;Administrador Total
774;13/5/2023 08:12;13/5/2023 15:20;CERRADA;451;29111;-110;Administrador Total
775;15/5/2023 06:44;15/5/2023 19:59;CERRADA;451;84656;-935;Administrador Total
776;16/5/2023 06:45;16/5/2023 19:14;CERRADA;451;61770,81;650,19;Administrador Total
777;17/5/2023 06:41;17/5/2023 19:34;CERRADA;451;67311,6;-50,6;Administrador Total
778;18/5/2023 06:41;18/5/2023 21:06;CERRADA;451;64811;720;Administrador Total
779;19/5/2023 06:45;19/5/2023 19:45;CERRADA;451;51147;39;Administrador Total
780;20/5/2023 08:21;20/5/2023 15:58;CERRADA;456;40231;70;Administrador Total
781;22/5/2023 06:58;22/5/2023 19:13;CERRADA;451;76297,51;964,81;Administrador Total
782;23/5/2023 06:45;23/5/2023 19:34;CERRADA;440,5;71978,1;271,9;Administrador Total
783;24/5/2023 06:52;24/5/2023 19:18;CERRADA;450;48651;269;Administrador Total
784;25/5/2023 06:51;25/5/2023 19:22;CERRADA;450;16690;110,5;Administrador Total
785;26/5/2023 06:53;26/5/2023 19:09;CERRADA;400,5;36066;1930;Administrador Total
786;27/5/2023 08:23;27/5/2023 15:15;CERRADA;450;25380,5;375,5;Administrador Total
787;29/5/2023 06:42;29/5/2023 19:56;CERRADA;456;34326;940;Administrador Total
788;30/5/2023 06:56;30/5/2023 19:29;CERRADA;464;52647,8;3856,2;Administrador Total
789;31/5/2023 06:45;31/5/2023 19:27;CERRADA;474;54881,5;1942,5;Administrador Total
790;1/6/2023 06:56;1/6/2023 20:01;CERRADA;474;62529;31;Administrador Total
791;2/6/2023 06:41;2/6/2023 19:15;CERRADA;450;60430;750;Administrador Total
792;3/6/2023 08:19;3/6/2023 15:05;CERRADA;455;31635;90;Administrador Total
793;5/6/2023 06:51;5/6/2023 19:27;CERRADA;455;82819,96;-1190,96;Administrador Total
794;6/6/2023 06:45;6/6/2023 19:22;CERRADA;469;76159;136;Administrador Total
795;7/6/2023 06:58;7/6/2023 19:20;CERRADA;475;67740;502;Administrador Total
796;8/6/2023 06:43;8/6/2023 19:21;CERRADA;450;51512;608;Administrador Total
797;9/6/2023 06:56;9/6/2023 19:31;CERRADA;450;47219,91;-34,91;Administrador Total
798;10/6/2023 08:13;10/6/2023 16:03;CERRADA;455;32360;90;Administrador Total
799;12/6/2023 06:51;12/6/2023 20:21;CERRADA;450;54360;40;Administrador Total
800;13/6/2023 06:51;13/6/2023 19:18;CERRADA;456;45071;100;Administrador Total
801;14/6/2023 06:50;14/6/2023 20:04;CERRADA;461;39426;115;Administrador Total
802;15/6/2023 06:45;15/6/2023 19:55;CERRADA;461;68476;620;Administrador Total
803;16/6/2023 07:05;16/6/2023 19:27;CERRADA;456;46761;94;Administrador Total
804;17/6/2023 08:12;17/6/2023 15:28;CERRADA;455;42385,9;150,1;Administrador Total
805;19/6/2023 06:40;19/6/2023 19:38;CERRADA;456;43331;205;Administrador Total
806;20/6/2023 06:46;20/6/2023 19:29;CERRADA;455;33957,5;2,5;Administrador Total
807;21/6/2023 06:50;21/6/2023 19:09;CERRADA;450;61370,5;54,5;Administrador Total
808;22/6/2023 06:59;22/6/2023 19:24;CERRADA;455;66190;-1930;Administrador Total
809;23/6/2023 06:46;23/6/2023 19:17;CERRADA;450;49795;555;Administrador Total
810;24/6/2023 08:07;24/6/2023 15:57;CERRADA;390;28932,5;827,5;Administrador Total
811;26/6/2023 06:51;26/6/2023 19:19;CERRADA;455;64095;10;Administrador Total
812;27/6/2023 06:49;27/6/2023 19:27;CERRADA;450;55035,5;24,5;Administrador Total
813;28/6/2023 06:48;28/6/2023 19:28;CERRADA;450;61105;-55;Administrador Total
814;29/6/2023 06:53;29/6/2023 19:25;CERRADA;450;69838;397;Administrador Total
815;30/6/2023 07:03;30/6/2023 19:42;CERRADA;455;59920;1181;Administrador Total
816;1/7/2023 08:09;1/7/2023 15:12;CERRADA;455;39690;-610;Administrador Total
817;3/7/2023 06:49;3/7/2023 19:21;CERRADA;450;76870;5030;Administrador Total
818;4/7/2023 06:51;4/7/2023 20:11;CERRADA;440;61895;310;Administrador Total
819;5/7/2023 06:57;5/7/2023 19:13;CERRADA;455;56336;518;Administrador Total
820;6/7/2023 06:48;6/7/2023 20:10;CERRADA;350;66047;728;Administrador Total
821;7/7/2023 06:48;7/7/2023 19:08;CERRADA;455;61890;35;Administrador Total
822;8/7/2023 08:17;8/7/2023 13:42;CERRADA;455;27290;245;Administrador Total
823;10/7/2023 06:47;10/7/2023 19:10;CERRADA;475;32345;-50;Administrador Total
824;11/7/2023 06:45;11/7/2023 19:11;CERRADA;483;43331;434,5;Administrador Total
825;12/7/2023 06:49;12/7/2023 19:18;CERRADA;465,5;48495,5;254;Administrador Total
826;13/7/2023 06:47;13/7/2023 20:33;CERRADA;419,5;47584,5;55;Administrador Total
827;14/7/2023 06:41;14/7/2023 19:24;CERRADA;459,5;55207,5;-388;Administrador Total
828;15/7/2023 08:04;15/7/2023 15:09;CERRADA;459,5;60484,5;5;Administrador Total
829;17/7/2023 07:04;17/7/2023 19:11;CERRADA;439,5;58274,5;550;Administrador Total
830;18/7/2023 06:51;18/7/2023 19:08;CERRADA;414,5;57689,5;110;Administrador Total
831;19/7/2023 06:50;19/7/2023 19:16;CERRADA;459,5;57164,5;25;Administrador Total
832;20/7/2023 06:52;20/7/2023 07:13;CERRADA;469,5;469,5;0;Administrador Total
833;20/7/2023 07:41;20/7/2023 19:25;CERRADA;469,5;49764,6;274,9;Administrador Total
834;21/7/2023 06:52;21/7/2023 19:11;CERRADA;469,5;26439,5;0;Administrador Total
835;22/7/2023 08:08;22/7/2023 15:06;CERRADA;489,5;16859,5;-40;Administrador Total
836;24/7/2023 06:36;24/7/2023 19:18;CERRADA;469,5;64274,5;2710;Administrador Total
837;25/7/2023 06:41;25/7/2023 19:28;CERRADA;500,5;60375,5;1210;Administrador Total
838;26/7/2023 06:53;26/7/2023 19:20;CERRADA;480,5;56170,5;2965;Administrador Total
839;27/7/2023 06:42;27/7/2023 19:08;CERRADA;425,5;36935,5;1095;Administrador Total
840;28/7/2023 06:42;28/7/2023 19:11;CERRADA;460,5;42601;219,5;Administrador Total
841;29/7/2023 08:08;29/7/2023 15:08;CERRADA;460,5;29250,5;-40;Administrador Total
842;31/7/2023 06:40;31/7/2023 19:15;CERRADA;490,5;71295,5;690;Administrador Total
843;1/8/2023 06:45;1/8/2023 19:24;CERRADA;494,5;64154,5;120;Administrador Total
844;2/8/2023 06:43;2/8/2023 19:12;CERRADA;469,5;71109,5;-430;Administrador Total
845;3/8/2023 06:49;3/8/2023 19:13;CERRADA;409,5;63810,5;-100;Administrador Total
846;4/8/2023 06:41;4/8/2023 19:13;CERRADA;460,5;59171,5;254;Administrador Total
847;5/8/2023 08:13;5/8/2023 15:31;CERRADA;455,5;72410,5;179,5;Administrador Total
848;7/8/2023 06:50;7/8/2023 19:21;CERRADA;455,5;72385,5;0;Administrador Total
849;8/8/2023 06:44;8/8/2023 19:49;CERRADA;473,5;74748,5;335;Administrador Total
850;9/8/2023 06:45;9/8/2023 19:18;CERRADA;453,5;66168,5;65;Administrador Total
851;10/8/2023 06:46;10/8/2023 19:28;CERRADA;433,5;63093,5;240;Administrador Total
852;11/8/2023 06:32;11/8/2023 19:31;CERRADA;463,5;75483,5;230;Administrador Total
853;12/8/2023 08:06;12/8/2023 15:15;CERRADA;473,5;54533,5;55;Administrador Total
854;14/8/2023 06:52;14/8/2023 19:24;CERRADA;458,5;100673,5;1855;Administrador Total
855;15/8/2023 06:47;15/8/2023 19:40;CERRADA;438,5;82558,5;780;Administrador Total
856;16/8/2023 06:47;16/8/2023 19:19;CERRADA;458,5;73113,5;740;Administrador Total
857;17/8/2023 06:46;17/8/2023 19:19;CERRADA;453,5;81253,5;680;Administrador Total
858;18/8/2023 06:41;18/8/2023 19:18;CERRADA;463,5;53983,7;89,8;Administrador Total
859;19/8/2023 08:10;19/8/2023 15:18;CERRADA;463,5;62218,5;715;Administrador Total
860;21/8/2023 06:40;21/8/2023 19:40;CERRADA;463,5;62473,5;-10;Administrador Total
861;22/8/2023 07:03;22/8/2023 19:23;CERRADA;463,5;71969,9;353,6;Administrador Total
862;23/8/2023 06:43;23/8/2023 19:26;CERRADA;463,5;56063,5;155;Administrador Total
863;24/8/2023 07:05;24/8/2023 20:18;CERRADA;418,5;49180;98,5;Administrador Total
864;25/8/2023 06:43;25/8/2023 19:18;CERRADA;458,5;66303,5;55;Administrador Total
865;26/8/2023 08:09;26/8/2023 16:00;CERRADA;458,5;36498,5;670;Administrador Total
866;28/8/2023 07:02;28/8/2023 19:19;CERRADA;458,5;75958,5;823;Administrador Total
867;29/8/2023 06:42;29/8/2023 19:10;CERRADA;451;60751;67;Administrador Total
868;30/8/2023 06:54;30/8/2023 19:14;CERRADA;468;50613;430;Administrador Total
869;31/8/2023 06:46;31/8/2023 19:22;CERRADA;473;77074,1;2173,9;Administrador Total
870;1/9/2023 06:56;1/9/2023 19:23;CERRADA;468;35038,7;39,3;Administrador Total
871;2/9/2023 11:12;4/9/2023 06:48;CERRADA;468;15158;0;Administrador Total
872;4/9/2023 06:50;4/9/2023 06:59;CERRADA;468;14063;-653;Administrador Total
873;4/9/2023 06:59;4/9/2023 19:18;CERRADA;448;34238;60;Administrador Total
874;5/9/2023 06:46;5/9/2023 20:20;CERRADA;468;87573;2015;Administrador Total
875;6/9/2023 06:45;6/9/2023 20:05;CERRADA;458;125110;2318;Administrador Total
876;7/9/2023 06:47;7/9/2023 20:19;CERRADA;458;76867,84;2400,16;Administrador Total
877;8/9/2023 07:03;8/9/2023 20:06;CERRADA;458;71548;710;Administrador Total
878;9/9/2023 08:09;9/9/2023 15:19;CERRADA;458;57388;2020;Administrador Total
879;11/9/2023 06:46;11/9/2023 19:27;CERRADA;458;60965,6;3702,4;Administrador Total
880;12/9/2023 06:48;12/9/2023 20:15;CERRADA;458;49538;470;Administrador Total
881;13/9/2023 06:40;13/9/2023 19:09;CERRADA;458;48608;6391;Administrador Total
882;14/9/2023 06:54;14/9/2023 19:10;CERRADA;459;75132;167;Administrador Total
883;15/9/2023 06:43;15/9/2023 19:15;CERRADA;459;61359,5;164,5;Administrador Total
884;16/9/2023 08:08;16/9/2023 15:09;CERRADA;464;75824;690;Administrador Total
885;18/9/2023 06:40;18/9/2023 19:11;CERRADA;464;101644;190;Administrador Total
886;19/9/2023 06:47;19/9/2023 20:00;CERRADA;457;54734;1092;Administrador Total
887;20/9/2023 06:51;20/9/2023 19:17;CERRADA;500;89047;714;Administrador Total
888;21/9/2023 06:47;21/9/2023 19:23;CERRADA;461;70680;46;Administrador Total
889;22/9/2023 07:02;22/9/2023 19:03;CERRADA;436;58926,1;0;Administrador Total
890;23/9/2023 08:05;23/9/2023 15:04;CERRADA;490;28570;290;Administrador Total
891;25/9/2023 06:45;25/9/2023 19:37;CERRADA;490;63781;-66;Administrador Total
892;26/9/2023 06:45;26/9/2023 19:12;CERRADA;500;74042;648;Administrador Total
893;27/9/2023 06:50;27/9/2023 19:12;CERRADA;434;69257;117;Administrador Total
894;28/9/2023 06:46;28/9/2023 19:21;CERRADA;474;57589;680;Administrador Total
895;29/9/2023 06:54;29/9/2023 19:49;CERRADA;369;50084;645;Administrador Total
896;29/9/2023 06:54;29/9/2023 19:49;CERRADA;369;50084;0;Administrador Total
897;30/9/2023 08:04;30/9/2023 15:15;CERRADA;449;59208;60;Administrador Total
898;2/10/2023 06:49;2/10/2023 19:08;CERRADA;468;104665,5;1742,5;Administrador Total
899;3/10/2023 06:45;3/10/2023 19:08;CERRADA;482;53297;900;Administrador Total
900;4/10/2023 06:46;4/10/2023 19:17;CERRADA;397;77866;-2279;Administrador Total
901;5/10/2023 06:46;5/10/2023 19:13;CERRADA;407;140237;230;Administrador Total
902;6/10/2023 06:44;6/10/2023 19:15;CERRADA;467;76348,15;698,85;Administrador Total
903;7/10/2023 08:16;7/10/2023 15:42;CERRADA;467;36007,1;299,9;Administrador Total
904;9/10/2023 06:50;9/10/2023 19:50;CERRADA;467;105895,6;756,4;Administrador Total
905;10/10/2023 06:46;10/10/2023 19:10;CERRADA;450;77810;2000;Administrador Total
906;11/10/2023 06:43;12/10/2023 19:12;CERRADA;450;189890,5;2099,5;Administrador Total
907;13/10/2023 06:54;13/10/2023 19:45;CERRADA;455;53590;95;Administrador Total
908;14/10/2023 08:22;14/10/2023 15:20;CERRADA;455;59381;244;Administrador Total
909;16/10/2023 06:46;16/10/2023 19:21;CERRADA;375;46065,5;509,5;Administrador Total
910;17/10/2023 06:50;17/10/2023 19:16;CERRADA;475;63895;690;Administrador Total
911;18/10/2023 06:52;18/10/2023 19:44;CERRADA;450;51739;310;Administrador Total
912;19/10/2023 06:46;19/10/2023 19:32;CERRADA;489;48224;2995;Administrador Total
913;20/10/2023 06:54;20/10/2023 20:06;CERRADA;469;86801,7;1406,3;Administrador Total
914;21/10/2023 08:37;21/10/2023 15:08;CERRADA;478;49928;2455;Administrador Total
915;23/10/2023 06:44;23/10/2023 19:08;CERRADA;473;62303;1495;Administrador Total
916;24/10/2023 06:54;24/10/2023 19:18;CERRADA;474;91014;790;Administrador Total
917;25/10/2023 06:45;25/10/2023 19:10;CERRADA;464;117919,6;669,4;Administrador Total
918;26/10/2023 06:51;26/10/2023 19:41;CERRADA;456;93456;3460;Administrador Total
919;27/10/2023 06:44;27/10/2023 19:15;CERRADA;476;66740,3;225,7;Administrador Total
920;28/10/2023 08:15;28/10/2023 15:06;CERRADA;476;33356;80;Administrador Total
921;30/10/2023 06:43;30/10/2023 19:10;CERRADA;426;55863,5;82,5;Administrador Total
922;31/10/2023 06:44;31/10/2023 19:25;CERRADA;456;91411;2620;Administrador Total
923;1/11/2023 06:57;1/11/2023 19:25;CERRADA;451;101151;209;Administrador Total
924;2/11/2023 06:48;2/11/2023 20:28;CERRADA;470;93265;405;Administrador Total
925;3/11/2023 06:53;3/11/2023 19:23;CERRADA;471;103176;1305;Administrador Total
926;4/11/2023 08:13;4/11/2023 15:19;CERRADA;461;86811,75;269,25;Administrador Total
927;6/11/2023 06:57;6/11/2023 20:17;CERRADA;491;114576;2615;Administrador Total
928;7/11/2023 06:50;7/11/2023 19:27;CERRADA;441;113320;976;Administrador Total
929;8/11/2023 06:58;8/11/2023 07:03;CERRADA;476;476;0;Administrador Total
930;8/11/2023 07:13;8/11/2023 19:06;CERRADA;476;87413,5;632,5;Administrador Total
931;9/11/2023 06:59;9/11/2023 19:08;CERRADA;446;90326;5;Administrador Total
932;10/11/2023 06:53;10/11/2023 19:54;CERRADA;431;95693,78;-507,78;Administrador Total
933;11/11/2023 08:14;11/11/2023 15:39;CERRADA;466;55316;-120;Administrador Total
934;13/11/2023 06:42;13/11/2023 19:20;CERRADA;466;73711;410;Administrador Total
935;14/11/2023 06:55;14/11/2023 19:23;CERRADA;455;67575;1080;Administrador Total
936;15/11/2023 06:49;15/11/2023 19:15;CERRADA;455;125040,6;1144,4;Administrador Total
937;16/11/2023 07:00;17/11/2023 19:06;CERRADA;485;138647,25;372,75;Administrador Total
938;18/11/2023 13:56;18/11/2023 15:07;CERRADA;460;30570;1260;Administrador Total
939;20/11/2023 06:57;20/11/2023 19:44;CERRADA;430;97957,8;-18,8;Administrador Total
940;21/11/2023 06:50;21/11/2023 19:20;CERRADA;449;101224;2927;Administrador Total
941;22/11/2023 07:02;22/11/2023 19:51;CERRADA;468;45628;1750;Administrador Total
942;23/11/2023 06:48;23/11/2023 19:16;CERRADA;468;88337,35;1416,65;Administrador Total
943;24/11/2023 06:52;24/11/2023 19:26;CERRADA;474;67491,5;1092,5;Administrador Total
944;25/11/2023 08:09;25/11/2023 16:05;CERRADA;424;35673,6;920,4;Administrador Total
945;27/11/2023 06:47;27/11/2023 19:18;CERRADA;424;66329;1375;Administrador Total
946;28/11/2023 06:47;28/11/2023 19:08;CERRADA;433;59633;1630;Administrador Total
947;29/11/2023 06:51;29/11/2023 19:16;CERRADA;458;77423;2495;Administrador Total
948;30/11/2023 06:47;30/11/2023 19:23;CERRADA;458;66963;615;Administrador Total
949;1/12/2023 06:49;1/12/2023 19:05;CERRADA;448;33468;90;Administrador Total
950;2/12/2023 08:04;2/12/2023 15:10;CERRADA;448;33444;-396;Administrador Total
951;4/12/2023 06:44;4/12/2023 19:21;CERRADA;448;98168,63;12674,37;Administrador Total
952;5/12/2023 06:52;5/12/2023 19:10;CERRADA;443;92006,09;396,91;Administrador Total
953;6/12/2023 06:44;6/12/2023 19:10;CERRADA;443;76114,65;-441,65;Administrador Total
954;7/12/2023 06:55;7/12/2023 19:23;CERRADA;433;94001,47;491,53;Administrador Total
955;8/12/2023 06:45;8/12/2023 19:09;CERRADA;283;82373;560;Administrador Total
956;9/12/2023 08:12;9/12/2023 15:03;CERRADA;433;70537,5;2415,5;Administrador Total
957;11/12/2023 06:55;11/12/2023 19:14;CERRADA;353;116985,5;1597,5;Administrador Total
958;12/12/2023 06:46;12/12/2023 19:17;CERRADA;343;124994;-27241;Administrador Total
959;13/12/2023 06:53;13/12/2023 20:00;CERRADA;393;106661,75;1808,25;Administrador Total
960;14/12/2023 06:43;14/12/2023 19:59;CERRADA;320;123679,5;7085,5;Administrador Total
961;15/12/2023 06:47;15/12/2023 19:35;CERRADA;285;78687,9;777,1;Administrador Total
962;16/12/2023 08:15;16/12/2023 15:07;CERRADA;405;70414,52;30,48;Administrador Total
963;18/12/2023 06:48;18/12/2023 19:27;CERRADA;335;70705;1900;Administrador Total
964;19/12/2023 06:42;19/12/2023 19:06;CERRADA;370;77432,8;1037,2;Administrador Total
965;20/12/2023 06:53;20/12/2023 19:27;CERRADA;420;115033,34;1136,66;Administrador Total
966;21/12/2023 06:50;21/12/2023 19:13;CERRADA;430;71860;2080;Administrador Total
967;22/12/2023 07:26;22/12/2023 19:26;CERRADA;430;71690;775;Administrador Total
968;23/12/2023 08:15;23/12/2023 15:07;CERRADA;395;79375;1420;Administrador Total
969;26/12/2023 06:52;26/12/2023 19:18;CERRADA;335;21605;660;Administrador Total
970;27/12/2023 06:43;27/12/2023 19:09;CERRADA;385;55960;5175;Administrador Total
971;28/12/2023 07:04;28/12/2023 19:30;CERRADA;445;33375;1370;Administrador Total
972;29/12/2023 13:22;29/12/2023 20:04;CERRADA;395;23025,34;419,66;Administrador Total
973;30/12/2023 08:03;30/12/2023 15:51;CERRADA;335;76170;545;Administrador Total
974;2/1/2024 06:43;2/1/2024 19:07;CERRADA;355;37370;1880;Administrador Total
975;3/1/2024 06:53;3/1/2024 19:12;CERRADA;330;60361,87;1183,13;Administrador Total
976;4/1/2024 06:41;4/1/2024 19:13;CERRADA;345;57085;100;Administrador Total
977;5/1/2024 06:43;5/1/2024 19:15;CERRADA;405;75269,47;-6149,47;Administrador Total
978;6/1/2024 08:04;6/1/2024 16:39;CERRADA;330;74849,29;0,71;Administrador Total
979;8/1/2024 06:56;8/1/2024 19:12;CERRADA;300;56769;2751;Administrador Total
980;9/1/2024 07:15;9/1/2024 19:14;CERRADA;420;155488,5;-40448,5;Administrador Total
981;10/1/2024 06:46;10/1/2024 19:12;CERRADA;440;31420;2560;Administrador Total
982;11/1/2024 06:57;11/1/2024 19:15;CERRADA;380;77700;-660;Administrador Total
983;12/1/2024 06:48;12/1/2024 19:22;CERRADA;430;116970,2;-61990,2;Administrador Total
984;13/1/2024 08:06;13/1/2024 15:07;CERRADA;380;32380;50;Administrador Total
985;15/1/2024 06:35;15/1/2024 19:18;CERRADA;430;15424,63;1495,37;Administrador Total
986;16/1/2024 06:43;16/1/2024 19:16;CERRADA;420;64565;535;Administrador Total
987;17/1/2024 06:46;17/1/2024 19:19;CERRADA;440;86725;135;Administrador Total
988;18/1/2024 06:48;18/1/2024 19:10;CERRADA;360;154038,5;801,5;Administrador Total
989;19/1/2024 06:40;19/1/2024 19:14;CERRADA;340;72645;195;Administrador Total
990;20/1/2024 08:12;20/1/2024 16:07;CERRADA;340;21410;-70;Administrador Total
991;22/1/2024 06:51;22/1/2024 19:17;CERRADA;390;72290,3;479,7;Administrador Total
992;23/1/2024 06:47;23/1/2024 19:11;CERRADA;350;73050;630;Administrador Total
993;24/1/2024 06:44;24/1/2024 19:09;CERRADA;380;48465;1630;Administrador Total
994;25/1/2024 06:46;25/1/2024 19:30;CERRADA;395;35642,9;147,1;Administrador Total
995;26/1/2024 06:45;26/1/2024 19:12;CERRADA;290;37910;135;Administrador Total
996;27/1/2024 08:03;27/1/2024 16:27;CERRADA;345;42412,5;-27,5;Administrador Total
997;29/1/2024 06:48;29/1/2024 19:40;CERRADA;385;39615;610;Administrador Total
998;30/1/2024 06:44;30/1/2024 19:31;CERRADA;405;58230;125;Administrador Total
999;31/1/2024 06:52;31/1/2024 19:19;CERRADA;355;52575;490;Administrador Total
1000;1/2/2024 06:41;1/2/2024 19:46;CERRADA;415;59229;439;Administrador Total
1001;2/2/2024 06:50;2/2/2024 20:19;CERRADA;370;168916;-92286;Administrador Total
1002;3/2/2024 08:07;3/2/2024 15:18;CERRADA;330;27895;315;Administrador Total
1003;5/2/2024 06:41;5/2/2024 19:07;CERRADA;335;48890;85;Administrador Total
1004;6/2/2024 07:28;6/2/2024 19:38;CERRADA;455;201500;-74405;Administrador Total
1005;7/2/2024 06:42;7/2/2024 19:36;CERRADA;455;123088;1787;Administrador Total
1006;8/2/2024 06:48;8/2/2024 19:35;CERRADA;365;95905;460;Administrador Total
1007;9/2/2024 06:41;9/2/2024 19:46;CERRADA;415;74955,5;2389,5;Administrador Total
1008;10/2/2024 08:40;10/2/2024 15:18;CERRADA;425;61060;175;Administrador Total
1009;12/2/2024 06:50;12/2/2024 19:25;CERRADA;385;60505;2040;Administrador Total
1010;13/2/2024 06:43;13/2/2024 20:58;CERRADA;395;67625;930;Administrador Total
1011;14/2/2024 06:57;14/2/2024 19:27;CERRADA;355;101715;-4490;Administrador Total
1012;15/2/2024 06:49;15/2/2024 19:23;CERRADA;375;95769,3;1315,7;Administrador Total
1013;16/2/2024 06:47;16/2/2024 19:51;CERRADA;435;206731;814;Administrador Total
1014;17/2/2024 08:01;17/2/2024 17:47;CERRADA;395;83240;45;Administrador Total
1015;19/2/2024 06:47;19/2/2024 19:16;CERRADA;335;108329;516;Administrador Total
1016;20/2/2024 06:41;20/2/2024 19:17;CERRADA;395;100755;90;Administrador Total
1017;21/2/2024 06:54;21/2/2024 19:28;CERRADA;395;91180;2575;Administrador Total
1018;22/2/2024 06:46;22/2/2024 19:52;CERRADA;355;82571;1719;Administrador Total
1019;23/2/2024 06:50;23/2/2024 19:28;CERRADA;340;103635;195;Administrador Total
1020;24/2/2024 08:06;24/2/2024 18:50;CERRADA;380;53725;-95;Administrador Total
1021;26/2/2024 06:40;27/2/2024 06:59;CERRADA;480;231077,78;9347,22;Administrador Total
1022;27/2/2024 07:04;27/2/2024 19:34;CERRADA;425;82563;11844;Administrador Total
1023;28/2/2024 06:47;28/2/2024 19:18;CERRADA;415;111353;1697;Administrador Total
1024;29/2/2024 06:50;29/2/2024 19:48;CERRADA;455;184482;4313;Administrador Total
1025;1/3/2024 06:43;1/3/2024 19:35;CERRADA;445;192992;-4347;Administrador Total
1026;2/3/2024 08:12;2/3/2024 16:38;CERRADA;395;169089,5;2905,5;Administrador Total
1027;4/3/2024 06:42;4/3/2024 19:25;CERRADA;395;332520,05;1944,95;Administrador Total
1028;5/3/2024 06:46;5/3/2024 19:45;CERRADA;475;220431,5;4243,5;Administrador Total
1029;6/3/2024 07:02;6/3/2024 19:32;CERRADA;375;201130;3985;Administrador Total
1030;7/3/2024 06:43;7/3/2024 19:23;CERRADA;365;106750;-4315;Administrador Total
1031;8/3/2024 06:39;8/3/2024 19:09;CERRADA;335;62330;1085;Administrador Total
1032;9/3/2024 08:03;9/3/2024 15:05;CERRADA;395;112757,5;67,5;Administrador Total
1033;11/3/2024 06:47;11/3/2024 19:09;CERRADA;325;160947;828;Administrador Total
1034;12/3/2024 06:43;12/3/2024 19:17;CERRADA;425;230320;7475;Administrador Total
1035;13/3/2024 06:49;13/3/2024 19:25;CERRADA;495;153791,5;5723,5;Administrador Total
1036;14/3/2024 06:41;14/3/2024 19:27;CERRADA;465;106990;2450;Administrador Total
1037;15/3/2024 06:47;15/3/2024 19:35;CERRADA;340;149060;4470;Administrador Total
1038;16/3/2024 08:01;16/3/2024 15:16;CERRADA;430;100084;216;Administrador Total
1039;18/3/2024 06:41;18/3/2024 19:05;CERRADA;480;158620;4000;Administrador Total
1040;19/3/2024 06:46;19/3/2024 19:18;CERRADA;520;95587,5;-487,5;Administrador Total
1041;20/3/2024 06:40;20/3/2024 19:21;CERRADA;450;102337;5933;Administrador Total
1042;21/3/2024 06:43;21/3/2024 19:35;CERRADA;420;73610;4710;Administrador Total
1043;22/3/2024 06:40;22/3/2024 19:20;CERRADA;420;91636,2;453,8;Administrador Total
1044;23/3/2024 07:59;23/3/2024 15:01;CERRADA;390;118113,5;1116,5;Administrador Total
1045;25/3/2024 06:45;25/3/2024 19:25;CERRADA;330;161915;635;Administrador Total
1046;26/3/2024 06:41;26/3/2024 19:03;CERRADA;330;68160;3700;Administrador Total
1047;27/3/2024 06:45;27/3/2024 19:06;CERRADA;360;94290;6180;Administrador Total
1048;28/3/2024 06:37;28/3/2024 19:08;CERRADA;370;60543,1;576,9;Administrador Total
1049;1/4/2024 07:17;1/4/2024 19:17;CERRADA;420;73990;630;Administrador Total
1050;2/4/2024 06:41;2/4/2024 19:26;CERRADA;440;56770;25020;Administrador Total
1051;3/4/2024 06:46;3/4/2024 20:39;CERRADA;440;130530;1180;Administrador Total
1052;4/4/2024 06:42;4/4/2024 19:28;CERRADA;467;93157;445;Administrador Total
1053;5/4/2024 06:50;5/4/2024 19:15;CERRADA;502;104287;1745;Administrador Total
1054;6/4/2024 08:11;6/4/2024 15:14;CERRADA;432;76752;4960;Administrador Total
1055;8/4/2024 06:35;8/4/2024 19:29;CERRADA;412;179982;4870;Administrador Total
1056;9/4/2024 06:43;9/4/2024 19:19;CERRADA;452;119257;455;Administrador Total
1057;10/4/2024 06:35;10/4/2024 19:19;CERRADA;462;61257;6045;Administrador Total
1058;11/4/2024 06:44;11/4/2024 19:07;CERRADA;452;113622;-742;Administrador Total
1059;12/4/2024 06:38;12/4/2024 19:07;CERRADA;430;73176;1464;Administrador Total
1060;13/4/2024 08:12;13/4/2024 15:22;CERRADA;490;43939,95;750,05;Administrador Total
1061;15/4/2024 07:03;15/4/2024 19:16;CERRADA;440;81240;160;Administrador Total
1062;16/4/2024 06:37;16/4/2024 19:47;CERRADA;460;109895;20575;Administrador Total
1063;16/4/2024 19:55;16/4/2024 19:55;CERRADA;460;16300;4400;Administrador Total
1064;17/4/2024 06:40;17/4/2024 19:24;CERRADA;370;109049;981;Administrador Total
1065;18/4/2024 06:38;18/4/2024 19:33;CERRADA;430;101363,2;5076,8;Administrador Total
1066;19/4/2024 07:00;19/4/2024 19:25;CERRADA;360;59475;1485;Administrador Total
1067;20/4/2024 08:17;20/4/2024 15:10;CERRADA;460;59800;210;Administrador Total
1068;22/4/2024 06:37;22/4/2024 07:09;CERRADA;410;410;0;Administrador Total
1069;22/4/2024 07:09;22/4/2024 19:24;CERRADA;410;128995;-545;Administrador Total
1070;23/4/2024 06:47;23/4/2024 19:26;CERRADA;470;110210;660;Administrador Total
1071;24/4/2024 06:44;24/4/2024 19:08;CERRADA;460;125510;1110;Administrador Total
1072;25/4/2024 06:54;25/4/2024 19:14;CERRADA;420;84255,5;1894,5;Administrador Total
1073;26/4/2024 06:40;26/4/2024 19:30;CERRADA;450;85989;2261;Administrador Total
1074;27/4/2024 08:13;27/4/2024 15:34;CERRADA;390;80639;681;Administrador Total
1075;29/4/2024 06:56;29/4/2024 19:12;CERRADA;520;138159,9;470,1;Administrador Total
1076;30/4/2024 06:48;30/4/2024 20:14;CERRADA;450;108660;1590;Administrador Total
1077;2/5/2024 06:51;2/5/2024 20:04;CERRADA;450;67120;4540;Administrador Total
1078;3/5/2024 06:42;3/5/2024 19:02;CERRADA;450;102742,8;2537,2;Administrador Total
1079;4/5/2024 08:05;4/5/2024 15:11;CERRADA;480;38395,5;-3175,5;Administrador Total
1080;6/5/2024 06:37;6/5/2024 19:26;CERRADA;420;135158;1342;Administrador Total
1081;7/5/2024 06:42;7/5/2024 19:15;CERRADA;300;127300;2180;Administrador Total
1082;8/5/2024 06:45;8/5/2024 19:51;CERRADA;450;71474,4;-14,4;Administrador Total
1083;9/5/2024 06:41;9/5/2024 19:53;CERRADA;480;95460;222;Administrador Total
1084;10/5/2024 06:47;10/5/2024 19:15;CERRADA;432;140402;3640;Administrador Total
1085;11/5/2024 08:02;11/5/2024 15:29;CERRADA;442;81067;775;Administrador Total
1086;13/5/2024 06:39;13/5/2024 19:41;CERRADA;492;128418,21;2593,79;Administrador Total
1087;14/5/2024 06:44;14/5/2024 20:21;CERRADA;452;148992;4890;Administrador Total
1088;15/5/2024 06:50;15/5/2024 19:21;CERRADA;482;164132;1200;Administrador Total
1089;16/5/2024 06:50;16/5/2024 19:17;CERRADA;482;111221;2271;Administrador Total
1090;17/5/2024 06:47;17/5/2024 19:10;CERRADA;442;99597,5;1274,5;Administrador Total
1091;18/5/2024 08:08;18/5/2024 12:55;CERRADA;372;60232,5;289,5;Administrador Total
1092;20/5/2024 06:59;20/5/2024 19:17;CERRADA;372;142137;4245;Administrador Total
1093;21/5/2024 06:41;21/5/2024 20:10;CERRADA;590;124165;1410;Administrador Total
1094;22/5/2024 06:53;22/5/2024 19:24;CERRADA;600;128807;2763;Administrador Total
1095;23/5/2024 06:39;23/5/2024 19:10;CERRADA;570;109179,5;600,5;Administrador Total
1096;24/5/2024 06:52;24/5/2024 19:09;CERRADA;580;136166,25;1323,75;Administrador Total
1097;25/5/2024 08:15;25/5/2024 15:11;CERRADA;570;97500;410;Administrador Total
1098;27/5/2024 06:55;27/5/2024 19:34;CERRADA;550;120895;565;Administrador Total
1099;28/5/2024 06:41;28/5/2024 19:36;CERRADA;550;150820;4000;Administrador Total
1100;29/5/2024 06:48;29/5/2024 19:10;CERRADA;550;97925;1235;Administrador Total
1101;30/5/2024 06:41;30/5/2024 19:33;CERRADA;590;94917,5;2222,5;Administrador Total
1102;31/5/2024 06:40;31/5/2024 19:13;CERRADA;540;119170;3600;Administrador Total
1103;1/6/2024 08:21;1/6/2024 15:16;CERRADA;470;57090;70;Administrador Total
1104;3/6/2024 06:38;3/6/2024 19:41;CERRADA;560;146961,08;3966,92;Administrador Total
1105;4/6/2024 06:47;4/6/2024 19:16;CERRADA;558;120241;3357;Administrador Total
1106;5/6/2024 06:47;5/6/2024 19:21;CERRADA;548;184838;-520;Administrador Total
1107;6/6/2024 06:49;6/6/2024 19:09;CERRADA;518;120773;5085;Administrador Total
1108;7/6/2024 06:59;7/6/2024 19:09;CERRADA;558;140405,5;59,5;Administrador Total
1109;8/6/2024 08:13;8/6/2024 15:32;CERRADA;518;97507,6;620,4;Administrador Total
1110;10/6/2024 07:07;10/6/2024 20:56;CERRADA;578;138575,5;392,5;Administrador Total
1111;11/6/2024 06:39;11/6/2024 21:13;CERRADA;568;174336;2932;Administrador Total
1112;12/6/2024 06:39;12/6/2024 19:10;CERRADA;518;147098;5640;Administrador Total
1113;13/6/2024 06:41;13/6/2024 19:27;CERRADA;498;181303,65;-19485,65;Administrador Total
1114;14/6/2024 06:51;14/6/2024 19:17;CERRADA;568;135583;985;Administrador Total
1115;15/6/2024 08:11;15/6/2024 15:14;CERRADA;568;97916;272;Administrador Total
1116;17/6/2024 06:43;17/6/2024 19:51;CERRADA;538;129043;535;Administrador Total
1117;18/6/2024 07:06;18/6/2024 19:18;CERRADA;528;195432,6;2240,4;Administrador Total
1118;19/6/2024 06:42;19/6/2024 19:16;CERRADA;373;150660,5;2652,5;Administrador Total
1119;20/6/2024 06:44;20/6/2024 19:32;CERRADA;463;131064,25;2728,75;Administrador Total
1120;21/6/2024 06:42;21/6/2024 19:12;CERRADA;493;92783,5;1849,5;Administrador Total
1121;22/6/2024 08:03;22/6/2024 16:14;CERRADA;433;97713;10;Administrador Total
1122;24/6/2024 06:54;24/6/2024 19:34;CERRADA;423;204002;5671;Administrador Total
1123;25/6/2024 07:00;25/6/2024 20:16;CERRADA;468;102329;3549;Administrador Total
1124;26/6/2024 07:00;26/6/2024 19:16;CERRADA;578;153918;2630;Administrador Total
1125;27/6/2024 06:56;27/6/2024 20:20;CERRADA;448;192369,99;2248,01;Administrador Total
1126;28/6/2024 06:42;28/6/2024 19:16;CERRADA;518;166829,8;2298,2;Administrador Total
1127;29/6/2024 08:10;29/6/2024 15:36;CERRADA;428;201038;3510;Administrador Total
